AFRICANO,ALEMAN,ANDINO,ARABE,ARMENIO,BELGA,BRITÁNICO,CHINO,COREANO,ESCANDINAVO,ESPAÑOL,ESTE EUROPEO,FRANCES,GERMANICO,GRIEGO,HEBREO,HINDU,HOLANDES,IBERICO,ITALIANO,JAPONES,JUJUY,NOA,PORTUGUES,SUIZOS,SUR,TAILANDIA,TIERRAS BAJAS,VASCO,departamento_id,departamento_nombre,provincia_nombre,AAR,GERMANICO-ALEMAN
18,112,9,17,0,37,42,0,4,5,7902,117,141,46,44,5,3,1,70,2937,1,1,10,138,0,2,23,1,1505,018112,MONTE CASEROS,Corrientes,2,139
0,142,14,108,1,3,114,0,41,12,13204,119,221,45,1,1,36,3,118,1647,7,7,6,362,1,1,16,2,3231,018119,PASO DE LOS LIBRES,Corrientes,3,114
8,168,0,29,0,8,24,8,0,4,10787,38,84,23,0,2,1,1,26,1045,18,1,0,112,24,27,8,11,1762,018049,ESQUINA,Corrientes,5,39
5,16,3,33,0,0,20,0,0,15,5468,28,38,1,0,0,24,0,4,208,52,29,1,69,28,16,3,14,1356,018063,GENERAL PAZ,Corrientes,3,15
1,1001,39,567,0,2,354,1,1,61,106260,1401,1041,351,11,63,5,63,375,6332,155,12,44,632,7,11,0,16,18070,018021,CAPITAL,Corrientes,124,590
50,9,15,26,47,21,6,13,0,6,3864,14,18,3,0,12,31,6,1,43,35,0,46,29,17,0,0,0,701,018098,MBURUCUYA,Corrientes,1,1
0,12,1,27,0,22,8,0,40,1,6633,53,53,15,37,1,0,1,4,325,2,0,0,68,18,0,0,4,1492,018126,SALADAS,Corrientes,2,13
0,29,2,13,0,0,11,0,0,1,4957,74,72,19,44,1,36,14,10,277,6,2,2,29,0,1,13,0,945,018133,SAN COSME,Corrientes,6,28
50,16,6,4,13,0,7,3,0,5,4646,34,36,7,0,1,0,11,8,201,2,1,13,107,0,1,0,2,1953,018028,CONCEPCION,Corrientes,4,15
0,3,0,1,0,0,12,0,3,1,797,30,4,33,6,0,26,0,0,21,0,0,1,2,0,0,50,44,127,018014,BERON DE ASTRADA,Corrientes,0,0
0,49,2,30,49,0,6,1,0,0,2311,6,23,22,0,4,38,47,42,133,4,0,0,83,0,17,0,1,745,018056,GENERAL ALVEAR,Corrientes,0,25
0,13,3,8,0,0,4,0,0,0,2943,12,37,11,0,6,26,1,11,187,0,2,11,19,0,29,45,0,607,018077,ITATI,Corrientes,2,16
0,22,19,17,28,22,47,34,48,0,4882,26,69,12,1,2,16,2,94,192,9,0,29,100,0,0,34,0,593,018147,SAN MARTIN,Corrientes,0,17
50,133,29,38,8,35,32,3,0,11,9364,406,94,63,2,6,3,0,76,763,5,1,9,160,3,4,43,1,2077,018084,ITUZAINGO,Corrientes,10,90
9,20,22,42,23,34,17,0,43,1,7294,19,77,15,0,0,1,37,11,836,1,1,2,57,0,0,0,13,1938,018091,LAVALLE,Corrientes,10,5
9,78,5,54,15,1,40,0,0,1,10394,39,161,21,2,7,28,2,29,934,1,23,1,98,0,2,0,39,3031,018105,MERCEDES,Corrientes,14,31
45,21,1,2,0,0,2,41,18,1,2061,11,7,3,0,15,19,0,11,190,19,1,48,23,0,47,0,31,1058,018175,SAUCE,Corrientes,0,16
0,12,0,6,33,0,1,0,1,0,4975,25,81,5,0,0,0,7,3,191,21,0,1,7,0,33,34,46,1459,018140,SAN LUIS DEL PALMAR,Corrientes,7,2
21,172,4,77,32,33,144,6,0,8,17258,697,125,143,4,45,1,8,132,1260,18,2,1,615,2,61,30,0,4594,018168,SANTO TOME,Corrientes,21,129
38,157,10,67,33,18,138,0,1,2,23422,98,517,47,3,2,2,1,62,4133,3,43,3,251,1,0,1,1,5433,018070,GOYA,Corrientes,43,85
20,175,3,50,0,15,86,1,12,2,12357,59,118,51,1,4,1,13,34,1407,43,1,2,69,1,0,0,21,3400,018035,CURUZU CUATIA,Corrientes,18,47
0,129,12,36,18,0,40,5,1,6,8332,45,142,83,1,8,1,39,31,1001,3,0,2,70,39,0,0,3,3423,018007,BELLA VISTA,Corrientes,3,89
0,6,11,14,46,17,10,0,0,1,3626,10,7,6,7,0,0,46,3,94,10,27,1,33,49,0,0,6,1201,018154,SAN MIGUEL,Corrientes,8,2
0,45,1,17,0,0,1,0,0,0,5207,44,25,17,43,28,1,0,5,432,2,1,39,47,21,3,36,1,1620,018161,SAN ROQUE,Corrientes,4,5
0,13,1,16,0,1,22,0,0,0,5931,6,40,7,0,22,0,50,1,274,0,8,30,22,45,0,0,36,1029,018042,EMPEDRADO,Corrientes,5,14
0,17,2,19,38,0,5,0,38,1,4531,9,24,4,1,23,33,0,4,291,0,3,26,4,28,1,6,0,944,014175,TULUMBA,Córdoba,67,5
0,299,40,242,3,11,103,9,0,12,24634,385,432,139,5,30,6,4,100,6614,24,20,147,46,3,15,0,4,6398,014147,SANTA MARIA,Córdoba,64,164
0,56,18,175,0,47,26,0,30,2,15583,68,147,25,3,2,2,4,14,963,3,1,170,10,0,89,42,4,3221,014028,CRUZ DEL EJE,Córdoba,10,39
2,756,103,465,6,7,335,6,0,33,38198,966,858,281,13,43,10,32,349,11076,82,27,128,207,20,144,0,4,8500,014091,PUNILLA,Córdoba,75,498
34,7,1,20,0,0,9,0,0,31,4040,36,33,1,23,0,20,0,6,204,37,1,9,5,0,0,14,21,1342,014112,RIO SECO,Córdoba,18,3
1,1480,82,307,20,6,325,73,0,96,36401,431,850,436,11,12,9,78,209,30659,106,3,80,162,42,8,24,8,9528,014140,SAN JUSTO,Córdoba,32,421
40,50,11,54,0,0,38,1,48,2,13904,68,158,39,47,4,1,5,40,1064,5,2,17,24,1,4,0,0,2267,014126,SAN ALBERTO,Córdoba,8,73
0,4,1,2,34,0,1,43,6,0,1819,6,8,0,1,0,0,3,3,52,9,3,5,47,0,0,0,18,306,014070,MINAS,Córdoba,1,0
0,117,35,69,0,1,37,30,17,2,9849,102,142,37,6,29,6,1,46,3730,3,1,11,33,5,2,32,1,2532,014105,RIO PRIMERO,Córdoba,19,28
10,193,22,172,0,17,132,0,0,12,20743,221,428,71,28,4,17,20,179,13216,27,3,74,128,13,16,9,0,5867,014119,RIO SEGUNDO,Córdoba,32,136
32,305,21,87,28,1,61,0,0,9,14383,248,184,171,3,5,3,5,54,3073,9,14,35,91,7,10,9,50,2537,014007,CALAMUCHITA,Córdoba,31,304
34,102,31,92,0,0,34,1,37,12,16243,156,195,38,3,8,3,6,34,1556,8,3,6,39,13,4,0,0,3447,014133,SAN JAVIER,Córdoba,7,51
45,1,3,4,24,9,4,0,45,1,1524,3,6,1,2,29,10,1,18,69,32,5,0,2,9,1,9,3,320,014154,SOBREMONTE,Córdoba,2,3
1,783,188,551,6,32,307,5,11,77,52975,964,915,213,19,17,75,26,337,13350,72,82,359,144,10,78,45,14,11404,014021,COLON,Córdoba,148,418
2,393,89,156,10,1,125,4,0,37,28480,369,607,216,4,19,22,17,268,15586,8,9,57,59,10,31,0,2,6419,014042,GRAL SAN MARTIN,Córdoba,96,290
0,53,4,49,0,0,36,0,0,0,8723,62,140,30,9,0,2,1,57,4542,4,1,1,25,1,7,0,0,1652,014035,GENERAL ROCA,Córdoba,18,83
38,296,60,81,31,8,89,1,8,13,9917,164,320,100,45,5,15,11,67,7931,11,2,24,26,26,8,0,2,2513,014056,JUAREZ CELMAN,Córdoba,38,170
0,800,77,378,6,1,423,1,0,60,59201,755,1301,311,3,44,31,29,533,33605,29,25,84,214,26,23,0,2,11151,014098,RIO CUARTO,Córdoba,73,601
3,4129,1091,4865,37,61,2978,58,17,337,390269,5911,6360,1642,219,222,114,233,2078,101798,553,450,1544,982,69,558,15,50,67868,014014,CAPITAL,Córdoba,1192,2653
0,141,2,108,1,0,40,50,19,7,6612,108,202,73,0,0,5,1,101,4918,21,2,14,45,1,9,0,0,1516,014084,ROQUE SAENZ PEÑA,Córdoba,19,95
0,2,41,3,50,0,1,0,0,2,1735,4,4,1,29,1,5,34,2,53,33,0,1,2,0,2,14,39,350,014077,POCHO,Córdoba,0,3
0,33,21,41,0,5,24,0,36,10,6739,29,43,13,0,1,0,0,10,1329,2,1,9,8,0,7,37,0,888,014168,TOTORAL,Córdoba,5,19
29,420,58,226,2,2,156,12,0,54,16411,432,524,111,1,11,9,28,143,18391,10,5,58,78,10,48,0,1,4438,014182,UNION,Córdoba,100,239
16,52,13,54,3,9,52,1,0,3,6814,101,87,18,2,8,4,2,12,905,2,2,78,6,36,17,45,1,2455,014049,ISCHILIN,Córdoba,9,25
0,202,63,228,0,1,150,7,0,12,31206,264,411,99,39,1,8,5,192,14547,25,12,84,80,2,8,12,2,4425,014161,TERCERO ARRIBA,Córdoba,45,176
4,271,22,324,0,4,190,1,0,51,19706,592,695,132,10,6,46,10,212,17785,16,20,28,75,19,26,0,1,4474,014063,MARCOS JUAREZ,Córdoba,59,360
0,2,1,11,35,4,5,1,0,0,4323,16,2,31,46,28,0,0,1,38,38,7,9,1,21,0,3,1,726,086021,ATAMISQUI,Santiago del Estero,0,0
0,4,1,5,46,9,1,0,20,50,2165,0,7,0,0,6,0,1,2,20,0,0,18,5,0,27,21,1,651,086189,SILIPICA,Santiago del Estero,0,0
0,1,0,11,43,0,2,24,0,0,2793,2,56,29,45,0,30,0,0,34,21,3,5,2,0,0,0,0,556,086084,GUASAYAN,Santiago del Estero,2,1
0,22,2,17,0,38,17,3,0,2,3885,10,39,6,0,1,41,1,1,73,22,0,62,3,0,2,0,38,631,086014,ALBERDI,Santiago del Estero,1,2
41,8,1,8,2,0,4,2,11,1,2530,14,40,0,3,0,1,0,2,58,5,0,2,2,43,0,9,0,882,086140,QUEBRACHOS,Santiago del Estero,0,0
42,38,19,119,32,1,43,0,0,35,12661,173,212,20,1,5,10,3,13,551,1,3,119,11,13,0,37,1,2444,086161,ROBLES,Santiago del Estero,11,2
37,32,0,35,41,0,6,41,0,0,2804,4,48,1,0,0,3,2,7,192,0,42,28,1,2,0,0,0,698,086007,AGUIRRE,Santiago del Estero,0,1
0,177,128,589,2,19,136,2,25,16,41208,268,498,10,2,5,14,9,10,2551,8,6,291,48,2,4,20,8,6375,086035,BANDA,Santiago del Estero,8,5
46,57,15,70,22,0,41,0,19,8,9893,42,170,9,50,1,1,5,1,293,4,1,125,19,0,0,33,3,1231,086119,MORENO,Santiago del Estero,2,6
0,17,2,17,39,4,23,35,0,36,2895,9,13,4,23,0,21,0,0,33,0,20,3,2,0,12,0,0,620,086175,SAN MARTIN,Santiago del Estero,2,1
30,70,3,62,1,17,15,0,1,1,6029,52,47,1,0,1,0,1,3,124,0,1,117,10,0,1,0,1,1180,086028,AVELLANEDA,Santiago del Estero,0,29
0,1,0,9,15,1,1,0,29,0,2608,3,33,0,0,1,40,1,0,41,4,0,3,3,13,0,38,37,951,086168,SALAVINA,Santiago del Estero,0,0
29,62,36,170,11,2,33,5,1,6,14788,18,74,3,9,11,5,3,3,428,4,3,21,65,1,1,0,35,1592,086063,CHOYA,Santiago del Estero,4,8
0,28,1,73,1,8,37,0,44,1,7868,3,22,1,0,0,0,0,7,120,2,0,13,2,0,10,18,0,1132,086105,LORETO,Santiago del Estero,3,5
0,9,1,12,0,49,8,13,0,5,5089,3,28,3,0,2,42,30,1,62,1,1,2,4,0,2,0,1,602,086091,JIMENEZ,Santiago del Estero,0,5
30,2,2,5,0,0,7,20,0,1,4580,9,17,0,1,43,21,17,0,92,0,2,7,0,1,1,7,0,1995,086126,OJO DE AGUA,Santiago del Estero,0,1
0,66,1,15,0,6,10,3,15,3,1161,9,42,3,2,6,44,1,32,614,7,11,2,6,2,14,43,0,315,086154,RIVADAVIA,Santiago del Estero,0,1
0,10,1,44,15,23,18,0,42,0,7311,26,64,41,48,13,7,1,1,91,0,0,34,2,0,0,32,15,667,086098,MATARA,Santiago del Estero,1,1
13,78,4,25,0,0,14,2,2,3,2365,23,38,1,0,4,0,8,10,513,37,14,80,6,1,15,21,35,741,086042,BELGRANO,Santiago del Estero,0,3
0,8,15,2,30,0,4,24,0,0,1132,1,15,0,0,1,0,8,31,8,40,0,4,32,49,0,0,0,179,086182,SARMIENTO,Santiago del Estero,0,1
18,10,5,85,0,0,31,0,48,6,7768,19,110,4,0,1,0,3,2,147,1,3,50,4,8,1,0,7,1547,086056,COPO,Santiago del Estero,0,2
21,916,60,2284,6,83,405,3,36,105,82736,511,1104,28,36,22,16,30,57,8451,51,17,407,223,4,5,0,19,11190,086049,CAPITAL,Santiago del Estero,41,53
30,3,27,23,26,0,16,0,2,48,7554,4,157,1,26,18,0,45,1,47,0,49,65,10,34,10,0,2,870,086070,FIGUEROA,Santiago del Estero,0,0
6,90,21,187,0,1,24,0,0,4,21480,33,97,2,3,1,2,3,5,522,0,4,8,16,1,3,0,40,2235,086147,RIO HONDO,Santiago del Estero,14,4
0,92,8,116,8,1,36,0,20,26,13470,70,152,2,2,2,13,10,3,541,29,0,292,12,29,11,0,20,1465,086077,TABOADA,Santiago del Estero,33,4
0,1,19,3,0,0,0,41,0,0,422,43,7,27,16,0,44,0,8,26,0,32,0,1,23,0,0,0,197,086112,MITRE,Santiago del Estero,0,0
0,10,5,35,21,1,95,0,0,0,7038,13,47,7,0,43,33,0,1,69,0,3,9,9,0,49,12,4,979,086133,PELLEGRINI,Santiago del Estero,0,0
0,67,1208,99,1,0,14,9,0,3,7202,62,97,3,2,1,7,2,4,297,8,414,350,15,0,4,0,8,1835,066035,CERRILLOS,Salta,221,9
0,52,1270,93,1,1,37,37,23,5,11197,72,149,5,2,8,40,2,4,687,2,430,171,25,3,2,0,33,3405,066049,GÜEMES,Salta,103,10
32,82,280,108,25,4,38,0,0,16,11381,56,149,2,4,8,39,7,3,642,9,153,152,8,0,2,0,32,2860,066112,METAN,Salta,41,13
13,24,411,46,11,49,4,0,0,3,1957,8,15,1,0,46,3,0,1,68,1,112,88,2,46,1,17,4,385,066098,LA VIÑA,Salta,11,12
6,14,877,70,0,47,11,47,0,50,4902,30,43,1,1,1,5,0,0,95,13,473,344,6,0,36,0,42,849,066042,CHICOANA,Salta,132,0
38,11,739,35,0,5,4,0,0,4,4667,19,26,1,2,0,6,0,1,101,1,215,342,4,0,47,40,1,560,066021,CAFAYATE,Salta,83,2
26,3,71,43,46,37,28,7,12,1,10558,11,100,35,4,15,1,46,1,166,6,16,40,6,0,0,4,6,2017,066133,RIVADAVIA,Salta,8,2
0,6,172,4,0,0,0,4,0,0,1185,3,3,21,0,0,49,1,26,9,0,67,37,2,16,0,14,2,311,066063,GUACHIPAS,Salta,15,2
1,38,234,62,1,5,14,25,0,11,8760,75,42,6,26,2,53,1,4,626,2,62,155,13,36,0,21,28,1770,066140,ROS.DE LA FRONTERA,Salta,16,1
0,0,669,10,0,0,2,0,30,0,1278,0,14,25,0,39,1,0,0,7,0,102,9,1,10,0,0,1,328,066070,IRUYA,Salta,10,0
0,36,1727,47,15,0,30,0,24,1,7850,53,165,4,1,1,7,2,1,317,1,1116,708,12,0,1,0,8,1293,066147,ROSARIO DE LERMA,Salta,188,10
0,34,147,14,14,14,36,0,12,0,340,0,11,0,0,0,50,4,0,2,24,73,44,6,15,0,0,0,58,066091,LA POMA,Salta,1,0
3,931,9563,3143,3,8,570,6,3,114,91551,996,1833,60,120,74,116,80,54,12851,192,7047,4447,284,13,35,2,192,25492,066028,CAPITAL,Salta,2257,303
31,5,465,16,2,1,1,30,7,0,1552,14,10,5,1,0,0,44,1,25,33,189,196,1,39,31,18,1,173,066154,SAN CARLOS,Salta,29,3
0,7,277,14,0,0,0,26,0,0,1468,4,5,29,0,0,3,30,1,63,43,22,19,1,34,24,18,43,256,066084,LA CANDELARIA,Salta,16,3
0,0,427,1,13,0,0,0,0,0,1618,1,54,1,0,0,31,1,35,7,35,181,330,1,0,0,19,1,72,066105,LOS ANDES,Salta,11,0
0,1,651,42,0,19,1,0,0,47,2153,0,14,1,18,41,0,0,2,53,1,166,61,1,0,0,0,7,375,066161,SANTA VICTORIA,Salta,32,0
1,121,3020,429,0,29,109,35,45,14,26473,147,478,13,22,1,24,9,19,1056,33,463,375,108,1,15,42,471,6883,066126,ORAN,Salta,298,33
0,233,1352,382,44,3,139,1,21,7,44427,217,756,8,38,16,32,4,23,1723,22,302,441,107,10,11,3,414,11813,066056,SAN MARTIN,Salta,263,30
1,33,483,41,15,1,12,19,0,2,1606,41,39,1,12,4,1,1,1,259,2,473,48,2,11,1,1,1,603,066077,LA CALDERA,Salta,53,11
0,38,319,101,1,9,80,0,0,3,15433,36,111,5,1,17,11,8,8,423,1,71,531,32,14,2,4,115,3132,066007,ANTA,Salta,33,9
0,1,221,2,16,2,1,0,15,42,1025,39,1,8,11,13,0,12,0,9,43,182,394,35,0,0,0,1,155,066119,MOLINOS,Salta,12,0
10,11,493,4,0,0,4,8,23,4,1865,5,3,7,0,7,0,23,1,24,0,141,173,1,16,13,48,3,243,066014,CACHI,Salta,21,1
0,2347,32,256,49,4,189,4,0,60,22954,495,693,794,4,26,11,83,270,5436,7,4,47,112,18,50,39,0,5772,042021,CAPITAL,La Pampa,255,1061
49,5,2,3,28,0,1,0,0,48,859,22,4,4,0,0,0,0,10,37,39,36,38,3,6,1,0,27,163,042049,CHALILEO,La Pampa,5,1
26,59,6,24,19,35,9,2,5,4,1144,8,31,22,1,0,1,2,8,724,3,1,1,1,0,3,0,25,179,042147,TRENEL,La Pampa,7,24
0,344,2,19,0,0,35,0,46,5,1363,102,199,249,50,2,47,10,34,343,3,0,1,7,1,2,32,45,303,042077,HUCAL,La Pampa,12,368
48,9,1,3,16,21,8,0,28,1,585,11,11,13,0,16,1,6,2,51,42,0,10,24,2,5,0,1,135,042014,CALEU CALEU,La Pampa,16,11
21,420,1,27,0,18,50,0,36,1,3442,125,43,196,1,2,0,54,77,988,47,1,3,18,46,10,0,0,573,042035,CONHELO,La Pampa,24,256
12,3,48,40,15,0,1,16,0,41,143,0,1,1,0,4,0,0,0,6,0,10,40,1,20,1,47,0,21,042091,LIMAY MAHUIDA,La Pampa,5,0
0,8,0,0,0,0,0,37,30,0,189,3,3,1,0,5,44,0,1,16,0,0,0,0,0,4,41,0,46,042042,CURACO,La Pampa,24,0
12,2,0,0,22,0,0,38,30,46,36,0,1,3,0,0,0,0,1,7,0,0,3,10,0,0,29,49,32,042084,LIHUEL CALEL,La Pampa,0,2
0,404,4,7,0,0,37,4,0,8,2640,48,154,103,1,0,2,33,34,415,21,32,1,27,1,24,0,0,604,042007,ATREUCO,La Pampa,2,170
0,1163,1,22,29,0,38,14,0,5,934,56,48,274,0,2,15,37,20,327,6,0,7,6,50,2,0,0,218,042070,GUATRACHE,La Pampa,9,513
13,288,5,29,0,0,28,0,0,1,4007,40,84,109,3,3,1,9,30,489,10,0,13,13,0,39,2,4,959,042154,UTRACAN,La Pampa,40,160
0,2,0,16,0,28,0,23,0,0,446,13,40,2,0,40,2,0,1,9,0,43,0,17,0,14,18,0,119,042063,CHICAL-CO,La Pampa,0,0
11,34,3,23,30,30,9,0,13,2,2364,14,62,17,1,1,2,2,27,784,48,1,1,21,0,5,8,1,464,042126,RANCUL,La Pampa,5,29
40,27,2,28,2,0,22,17,33,3,2513,9,22,19,34,42,0,11,29,315,1,2,0,26,49,11,3,39,773,042098,LOVENTUE,La Pampa,15,23
1,43,1,17,0,0,7,0,5,4,2094,10,54,16,0,1,1,3,26,358,1,6,0,14,0,1,18,0,439,042028,CATRILO,La Pampa,15,50
24,50,9,19,3,0,27,25,0,1,3335,18,76,30,28,3,3,1,11,947,43,1,1,14,0,18,13,44,564,042056,CHAPALEUFU,La Pampa,10,45
0,286,31,118,0,1,130,2,20,18,15474,233,306,190,1,37,4,8,138,3772,7,9,2,101,2,17,40,1,2810,042105,MARACO,La Pampa,83,251
0,197,3,16,0,1,41,0,27,6,2507,50,44,104,7,7,0,5,29,616,2,1,6,7,0,13,27,50,345,042119,QUEMU QUEMU,La Pampa,7,93
0,175,9,34,25,48,17,23,47,15,3199,62,107,86,0,5,31,4,49,423,2,4,2,13,37,27,1,0,663,042140,TOAY,La Pampa,23,86
0,36,14,17,25,0,8,0,5,0,2276,19,41,10,42,2,31,1,17,217,12,41,2,3,0,25,0,2,678,042112,PUELEN,La Pampa,28,11
0,77,4,51,47,22,17,0,2,3,2943,31,115,52,1,3,0,14,37,1973,1,26,2,19,0,4,29,0,814,042133,REALICO,La Pampa,6,36
0,3,34,3,15,0,30,19,16,17,832,24,1,0,31,32,0,0,15,13,0,0,4,1,0,3,0,0,134,046077,GRAL. LAMADRID,La Rioja,8,1
0,3,2,8,0,15,0,32,0,47,906,1,1,0,0,8,0,0,37,12,9,0,53,34,0,1,0,0,72,046105,INDEPENDENCIA,La Rioja,8,0
38,5,4,12,35,2,1,30,45,35,2490,9,13,0,3,7,46,0,2,75,0,0,64,1,21,7,0,4,448,046063,GRAL. BELGRANO,La Rioja,7,0
0,6,4,9,10,0,2,47,0,2,1641,1,12,0,2,1,0,21,48,63,1,1,72,1,0,2,39,39,184,046021,CASTRO BARROS,La Rioja,10,1
0,12,1,17,0,0,2,0,0,1,2047,6,3,0,1,1,0,1,2,51,1,4,39,3,0,1,0,0,465,046084,GRAL.ORTIZ DE OCAMPO,La Rioja,7,0
0,0,1,7,0,0,31,47,50,0,1601,1,2,6,0,11,0,48,0,13,0,7,7,2,0,6,46,36,346,046091,GRAL. SAN MARTIN,La Rioja,0,0
35,185,199,613,7,3,158,5,47,27,58973,287,321,17,47,18,11,23,49,4008,30,59,902,87,5,68,6,6,8437,046014,CAPITAL,La Rioja,249,38
19,3,4,23,0,0,2,0,0,0,1129,2,2,0,1,47,5,2,1,50,1,1,100,9,0,0,0,0,196,046119,SAN BLAS DE LOS SAUCES,La Rioja,4,0
0,6,57,44,32,10,12,0,0,1,3963,5,17,1,2,0,2,26,1,57,36,4,96,0,0,22,28,0,505,046028,CNEL. FELIPE VARELA,La Rioja,17,2
8,2,14,2,30,0,1,45,25,0,1220,1,5,1,1,0,2,1,37,41,15,2,20,0,25,0,0,0,103,046126,SANAGASTA,La Rioja,8,0
29,1,5,3,25,32,4,1,17,33,780,1,4,0,5,1,14,0,39,15,0,2,17,1,16,1,0,0,209,046098,VINCHINA,La Rioja,6,0
0,8,2,44,1,3,5,0,0,33,5348,4,40,0,5,0,3,0,2,138,0,1,68,12,0,5,8,0,786,046112,ROSARIO VERA PEÑALOZA,La Rioja,6,0
0,19,10,63,2,1,5,14,23,1,4058,9,50,1,0,49,1,4,5,209,15,4,68,9,30,2,1,1,818,046035,CHAMICAL,La Rioja,8,2
31,58,145,153,1,13,106,1,24,2,10335,60,119,2,17,17,22,1,17,616,52,30,830,18,1,57,0,3,2165,046042,CHILECITO,La Rioja,135,10
29,4,2,4,3,0,0,0,42,31,1128,0,2,0,21,47,1,0,19,14,27,0,22,0,30,12,0,0,88,046056,ANGEL VICENTE PEÑALOZA,La Rioja,1,0
1,6,36,24,1,0,10,3,0,2,5786,3,39,2,3,0,3,1,2,242,2,6,231,2,0,3,0,10,665,046007,ARAUCO,La Rioja,13,3
0,0,1,1,0,3,1,50,31,13,1941,0,2,0,12,0,0,4,1,12,0,30,35,1,0,28,45,0,256,046070,JUAN FACUNDO QUIROGA,La Rioja,0,0
38,8,14,12,2,48,3,0,48,2,2135,10,13,49,1,12,22,0,5,45,0,15,105,2,2,3,0,22,284,046049,FAMATINA,La Rioja,5,1
15,219,2,93,0,0,16,41,31,35,8122,388,128,180,3,1,1,4,32,958,3,1,58,28,7,1,0,1,1381,022028,CHACABUCO,Chaco,0,157
0,88,1,9,22,0,24,0,27,14,3015,261,16,70,0,1,6,2,1,193,2,0,15,6,1,1,23,1,563,022043,FRAY SANTA MARIA DE ORO,Chaco,0,51
0,33,3,24,0,0,25,0,21,1,3074,97,92,17,0,35,0,0,12,487,7,1,44,23,37,0,0,4,707,022126,1° DE MAYO,Chaco,4,6
0,2,0,6,16,31,3,0,2,1,1201,13,30,3,0,23,32,1,0,49,0,0,0,3,4,44,5,1,300,022161,TAPENAGA,Chaco,0,0
0,69,4,12,37,0,72,0,0,5,9119,56,228,22,1,1,1,0,23,513,7,2,2,109,40,2,0,7,2022,022014,BERMEJO,Chaco,21,13
42,221,5,58,30,2,48,27,0,8,9726,831,168,110,9,3,2,9,28,567,1,9,116,7,14,0,21,3,1281,022105,9 DE JULIO,Chaco,3,132
50,15,1,24,3,3,1,0,0,1,2789,332,11,3,0,1,1,2,1,169,4,0,22,5,0,1,22,8,518,022049,GRAL. BELGRANO,Chaco,4,8
0,31,1,20,0,42,21,3,5,1,4600,491,37,12,0,1,1,1,3,134,7,25,24,27,0,1,16,1,799,022147,SAN LORENZO,Chaco,1,24
21,260,13,45,0,0,99,27,0,7,17041,218,213,106,19,9,2,3,38,1365,8,1,17,160,0,5,31,11,4506,022084,LIB.GRAL. SAN MARTIN,Chaco,16,64
44,32,16,47,41,0,43,14,0,15,8061,478,118,17,0,1,45,1,5,965,9,1,3,30,50,3,43,2,2159,022133,QUITILIPI,Chaco,2,50
0,218,42,107,0,2,99,0,2,41,26459,2478,395,122,6,16,2,3,40,2369,10,27,98,141,9,4,32,12,4635,022021,CTE. FERNANDEZ,Chaco,17,179
0,1648,99,88,1,45,80,0,0,8,17329,735,73,352,1,0,23,3,21,597,2,27,36,70,2,9,45,159,3460,022063,GRAL. GUEMES,Chaco,3,401
0,1543,67,582,1,9,774,5,1,76,90217,2887,2434,823,26,61,24,34,229,11670,129,12,94,988,24,4,0,36,25031,022140,SAN FERNANDO,Chaco,199,919
0,29,19,16,0,0,28,6,30,31,10885,266,89,45,1,41,0,1,1,545,39,1,1,41,0,0,47,2,2316,022168,25 DE MAYO,Chaco,7,34
4,15,2,32,29,4,9,0,43,40,4638,66,55,5,50,0,0,0,8,384,1,0,12,9,1,14,0,1,1240,022056,GRAL. DONOVAN,Chaco,7,9
0,6,1,10,46,0,10,0,0,0,3105,19,39,8,16,0,24,0,2,256,0,0,5,16,4,7,0,0,690,022119,PCIA. DE LA PLAZA,Chaco,3,1
0,294,42,25,0,6,6,0,0,2,1974,72,19,45,0,0,48,1,3,79,45,0,9,2,0,19,0,33,350,022039,2 DE ABRIL,Chaco,1,71
0,21,10,24,1,1,24,29,0,2,6974,604,62,12,15,8,0,0,4,281,5,1,9,29,26,0,9,25,1564,022070,INDEPENDENCIA,Chaco,1,11
44,46,0,35,35,0,3,0,0,2,5399,1241,39,13,6,7,11,3,5,241,19,1,20,19,2,17,14,0,1119,022112,O HIGGINS,Chaco,4,53
33,149,3,69,0,0,23,0,7,18,5164,168,51,27,2,0,3,3,7,370,7,1,128,12,3,3,3,4,1414,022036,12 DE OCTUBRE,Chaco,2,61
0,41,4,14,0,9,6,0,0,6,7014,668,65,32,33,11,0,0,10,367,38,13,13,37,0,13,38,32,2003,022091,MAIPU,Chaco,10,15
0,716,1,113,20,0,95,0,0,22,15532,1771,225,274,0,8,9,20,25,1288,12,5,41,62,6,1,0,13,2995,022098,MAYOR L.J. FONTANA,Chaco,9,654
0,49,20,54,0,49,38,1,0,1,7968,289,82,16,46,0,1,8,12,372,9,7,63,37,18,31,2,35,1724,022007,ALTE. BROWN,Chaco,16,24
0,42,31,7,9,0,7,2,4,0,5953,34,119,36,1,0,0,24,10,270,29,14,1,29,39,18,36,4,1186,022154,SGTO. CABRAL,Chaco,6,13
0,33,0,16,0,0,12,28,43,4,2446,27,91,18,0,1,0,39,4,476,6,1,1,17,35,15,0,1,853,022077,LIBERTAD,Chaco,5,30
0,138,678,440,0,3,181,39,1,10,40747,209,593,74,26,18,4,6,214,8042,31,98,207,144,1,128,41,13,8397,050070,MAIPU,Mendoza,596,75
0,261,408,356,1,1,161,0,0,14,30578,285,496,93,19,19,5,11,120,7476,24,71,125,96,0,40,0,3,6148,050063,LUJAN,Mendoza,281,207
50,28,137,234,0,6,37,0,10,4,14635,50,130,12,5,21,5,5,50,2783,1,6,67,55,1,6,0,0,2911,050084,RIVADAVIA,Mendoza,25,8
23,24,33,33,0,1,12,0,0,4,7843,57,237,20,12,1,1,1,132,669,5,4,32,14,0,34,3,0,2192,050077,MALARGUE,Mendoza,22,13
21,339,161,715,1,1,246,14,1,35,19313,712,667,134,17,45,30,15,347,10410,52,16,101,130,1,77,0,7,4956,050007,CAPITAL,Mendoza,261,410
39,15,267,78,16,0,11,46,1,1,9794,14,58,3,5,6,3,1,28,942,1,40,33,47,0,1,28,3,1946,050126,TUPUNGATO,Mendoza,113,7
5,76,26,124,49,1,24,0,0,5,16967,839,183,44,8,5,3,2,192,1774,41,5,12,17,3,6,35,0,2262,050014,GRAL. ALVEAR,Mendoza,25,59
0,3,20,55,0,1,5,24,0,1,3561,23,42,6,5,1,7,46,16,576,0,2,17,9,48,13,0,0,1203,050112,SANTA ROSA,Mendoza,4,1
0,333,140,807,33,4,327,1,1,51,38491,587,785,173,28,50,22,19,304,14737,36,23,200,195,4,99,41,4,7631,050021,GODOY CRUZ,Mendoza,247,338
5,549,727,936,1,8,226,4,1,27,50077,632,1397,143,26,38,23,35,467,16223,47,111,283,238,3,170,23,8,12239,050028,GUAYMALLEN,Mendoza,851,338
50,25,96,68,0,0,19,0,0,1,12930,19,163,6,10,0,1,1,32,948,0,18,114,27,9,46,24,6,2103,050056,LAVALLE,Mendoza,92,4
36,241,253,478,0,27,145,1,45,24,37386,348,771,120,9,18,20,10,179,7960,46,48,255,207,42,182,0,6,8822,050049,LAS HERAS,Mendoza,392,170
4,15,76,143,0,25,35,36,0,3,9219,25,65,4,0,1,2,44,13,1109,2,6,42,18,0,8,45,14,2137,050091,SAN CARLOS,Mendoza,54,4
0,16,136,99,0,4,24,1,0,1,11253,60,178,17,4,2,4,1,57,1913,2,17,39,25,14,15,0,7,2827,050035,JUNIN,Mendoza,85,20
0,285,266,634,40,0,171,0,32,17,49938,421,700,128,3,20,28,2,456,7146,79,26,53,91,2,203,0,4,10600,050105,SAN RAFAEL,Mendoza,191,138
0,2,2,60,0,0,3,0,0,0,4147,9,23,11,0,16,0,0,39,169,1,18,20,2,0,14,33,45,819,050042,LA PAZ,Mendoza,15,0
40,66,266,483,22,16,66,2,0,5,28176,223,421,32,9,8,9,4,146,7110,10,18,192,100,1,87,0,1,6092,050098,SAN MARTIN,Mendoza,122,71
44,46,154,166,5,3,41,0,21,4,11447,31,147,23,2,1,5,1,91,1093,10,21,35,35,0,6,4,1,3742,050119,TUNUYAN,Mendoza,46,20
13,2816,7,344,0,1,318,7,17,54,23692,309,1225,999,8,9,0,17,159,9412,35,9,15,207,2,4,0,3,5732,030056,GUALEGUAYCHU,Entre Rios,39,1247
28,422,0,16,0,1,86,0,0,19,4870,85,600,77,0,2,10,21,69,568,9,0,10,18,11,25,0,1,879,030088,SAN SALVADOR,Entre Rios,15,210
37,889,7,33,33,0,38,0,0,10,5991,113,223,192,43,17,0,2,56,2252,42,1,1,31,1,2,0,1,1426,030091,TALA,Entre Rios,24,277
50,690,3,18,33,25,49,0,0,20,6341,81,164,103,36,2,1,12,87,909,1,0,4,58,0,0,3,39,1457,030035,FEDERAL,Entre Rios,11,288
26,333,7,48,2,1,256,7,3,20,11984,131,346,235,0,3,5,16,40,6401,5,5,10,254,2,35,44,33,2664,030028,FEDERACION,Entre Rios,18,210
23,1645,5,57,46,0,84,0,39,12,7215,46,450,235,2,24,4,12,135,2567,4,2,1,15,0,21,0,0,1767,030077,NOGOYA,Entre Rios,18,447
23,748,8,123,2,25,274,2,38,59,14998,263,5025,161,1,5,2,59,258,2692,35,2,7,167,3,7,0,23,2412,030008,COLON,Entre Rios,12,204
0,512,11,239,2,46,124,2,5,4,12649,141,263,179,14,11,2,8,51,3092,10,0,3,25,0,2,9,1,2292,030049,GUALEGUAY,Entre Rios,43,234
50,4757,26,192,1,50,258,2,0,34,5588,283,209,747,0,11,35,51,31,1915,6,1,10,35,23,3,0,1,1765,030021,DIAMANTE,Entre Rios,21,1161
43,1819,11,263,0,1,352,1,0,27,18203,644,2948,462,0,46,9,36,224,5026,10,2,25,329,3,2,29,1,5031,030098,URUGUAY,Entre Rios,58,990
0,69,4,9,40,17,48,16,50,6,3973,18,47,16,0,1,0,1,10,466,18,0,5,45,0,0,0,2,1031,030042,FELICIANO,Entre Rios,2,49
0,157,1,22,0,22,14,49,0,21,3041,98,72,35,1,5,2,1,7,654,5,0,0,33,0,1,0,23,613,030063,ISLAS DEL IBICUY,Entre Rios,13,87
0,1469,6,104,0,7,143,0,23,14,16114,204,326,281,0,56,4,30,109,2991,1,2,1,153,1,1,0,0,3023,030070,LA PAZ,Entre Rios,10,458
0,351,8,92,0,1,66,0,46,5,10301,59,259,66,2,2,22,3,42,2473,6,44,14,20,0,4,39,6,2186,030105,VICTORIA,Entre Rios,8,111
0,2372,15,262,0,15,358,3,2,30,33499,739,1425,404,3,18,2,14,212,11388,39,0,22,550,6,8,0,88,7640,030015,CONCORDIA,Entre Rios,84,975
31,930,5,81,39,50,127,2,27,177,14874,251,687,266,7,17,9,9,59,1558,7,0,40,76,0,2,0,1,2781,030113,VILLAGUAY,Entre Rios,86,481
2,107,1719,236,2,1,107,25,1,8,24907,88,201,3,6,1,42,0,4,1028,19,491,327,20,3,11,0,177,4921,038063,SAN PEDRO,Jujuy,121,6
0,1,276,1,0,0,0,0,41,0,620,15,84,34,0,12,0,28,0,5,0,30,15,2,4,50,0,21,202,038105,VALLE GRANDE,Jujuy,8,0
1,11,1363,13,0,6,2,48,30,0,2376,6,14,1,0,1,1,0,2,61,29,427,53,0,0,33,0,1,501,038094,TILCARA,Jujuy,38,1
0,3,492,0,25,24,4,20,21,0,881,15,34,0,10,0,31,0,43,43,20,13,55,0,0,47,0,0,69,038077,SANTA CATALINA,Jujuy,11,0
0,32,184,20,0,0,31,48,0,0,410,50,0,28,44,8,0,44,0,0,0,33,129,0,0,27,0,41,42,038049,RINCONADA,Jujuy,5,0
0,62,3884,143,4,19,23,19,30,10,19218,75,246,1,2,1,19,2,5,1050,32,1016,395,62,2,3,0,38,3886,038014,EL CARMEN,Jujuy,350,14
2,47,572,4,29,15,1,46,0,20,1010,16,4,1,4,1,0,38,0,12,0,346,13,1,0,1,0,0,193,038098,TUMBAYA,Jujuy,10,0
7,1,939,1,0,0,1,0,23,1,2639,0,2,0,0,0,0,0,1,10,0,1247,165,2,29,17,0,0,421,038007,COCHINOCA,Jujuy,43,0
46,87,2251,138,0,2,68,1,0,7,26338,56,235,4,5,2,49,3,8,873,14,374,445,59,1,6,12,198,4164,038035,LEDESMA,Jujuy,111,1
0,1,268,5,0,0,10,12,50,1,1498,3,6,1,3,0,6,0,0,26,45,113,14,39,0,5,0,9,225,038056,SAN ANTONIO,Jujuy,12,0
43,1,189,33,36,1,20,15,0,0,1097,26,6,0,27,0,0,0,0,1,0,175,109,0,0,5,38,0,100,038084,SUSQUES,Jujuy,2,0
0,20,2079,15,6,47,12,3,0,0,5026,20,34,15,0,0,1,0,1,57,0,477,82,4,25,1,0,3,958,038112,YAVI,Jujuy,149,1
48,6,435,24,0,0,15,0,46,23,5441,4,50,1,23,0,8,17,0,118,1,140,59,4,4,1,0,47,717,038070,SANTA BARBARA,Jujuy,16,4
1,8,1921,14,1,26,1,12,42,1,4418,3,31,0,4,0,13,0,1,31,2,350,49,3,11,0,31,1,605,038028,HUMAHUACA,Jujuy,36,1
5,447,9058,1197,6,5,276,2,2,54,56800,398,1102,8,21,8,55,16,16,3142,29,4682,657,154,1,44,0,61,14140,038021,DR.MANUEL BELGRANO,Jujuy,816,43
0,76,2990,88,1,0,21,18,41,8,13445,44,164,15,1,0,8,11,1,510,2,719,252,32,0,3,25,6,2535,038042,PALPALA,Jujuy,115,8
28,448,6,41,0,17,113,2,42,37,6522,925,107,649,0,1,1,3,267,629,51,5,1,1180,0,1,0,1,1379,054049,GRAL.MANUEL BELGRANO,Misiones,9,606
39,414,2,44,43,0,81,0,0,19,3271,591,56,286,0,12,1,2,100,280,8,1,2,490,48,5,0,1,691,054112,SAN PEDRO,Misiones,7,354
40,159,2,25,0,0,32,0,0,6,4396,633,51,157,0,1,0,3,138,326,2,3,9,587,22,7,0,4,602,054105,SAN JAVIER,Misiones,1,120
35,1102,31,18,41,16,113,0,16,22,3704,671,31,984,0,13,1,22,188,596,3,35,45,522,0,1,0,0,450,054119,25 DE MAYO,Misiones,8,913
0,2094,40,372,12,1,627,11,3,235,74785,6554,1237,1282,32,59,34,28,692,8022,210,13,33,2377,11,36,39,54,15478,054028,CAPITAL,Misiones,112,2143
14,1585,10,182,35,13,252,0,22,279,16889,4949,228,1244,2,31,4,44,260,1563,84,1,5,2158,2,13,0,6,2960,054091,OBERA,Misiones,42,1570
0,676,17,95,0,44,147,6,0,37,13590,956,192,552,1,5,3,10,138,1469,28,2,5,1062,5,4,0,15,4925,054063,IGUAZU,Misiones,22,568
23,723,2,47,28,29,107,1,0,69,18729,773,136,692,0,15,39,36,206,1009,48,3,2,634,3,1,0,5,3733,054042,ELDORADO,Misiones,32,1150
0,242,2,25,29,0,52,2,0,20,6425,468,60,126,0,1,2,2,49,463,18,0,2,379,44,1,0,0,1464,054021,CANDELARIA,Misiones,12,184
7,837,4,54,46,38,123,1,0,69,7791,2786,118,703,24,6,1,4,240,609,28,3,1,697,1,9,0,8,921,054070,L.N.ALEM,Misiones,9,726
0,34,1,35,0,45,16,2,0,1,1634,413,29,10,0,1,28,0,44,136,8,0,0,147,0,6,38,3,351,054035,C.DE LA SIERRA,Misiones,0,62
0,886,3,90,0,45,104,33,1,63,9050,2746,123,869,0,14,0,18,189,635,66,0,6,835,1,2,14,4,1093,054014,CAINGUAS,Misiones,7,1201
0,518,1,12,2,0,73,0,30,15,8670,286,78,396,13,10,1,3,129,402,4,8,4,173,0,0,44,4,1775,054084,MONTECARLO,Misiones,21,486
0,130,2,109,1,0,51,2,0,14,7871,3528,85,86,0,3,2,9,139,571,18,1,1,802,0,44,39,1,1134,054007,APOSTOLES,Misiones,11,87
44,1977,2,70,0,17,50,1,0,37,6067,584,88,1314,0,19,3,6,90,487,55,1,4,400,11,1,32,0,1829,054077,L.G.SAN MARTIN,Misiones,19,1337
0,580,6,59,0,0,101,0,0,20,12136,2235,143,399,1,33,1,4,111,706,121,6,3,641,1,6,39,2,3116,054098,SAN IGNACIO,Misiones,6,673
7,1431,1,87,18,35,238,0,0,79,11295,2048,118,983,2,38,0,20,361,656,52,0,2,2202,0,1,0,2,1134,054056,GUARANI,Misiones,19,1461
25,26,4,3,0,0,45,0,0,5,6113,35,75,8,1,15,0,1,7,354,22,1,1,72,0,0,0,3,2122,034042,PILAGAS,Formosa,4,9
24,75,13,53,0,25,225,4,0,33,19015,156,276,50,12,1,5,3,60,1546,43,5,6,419,1,1,15,31,5270,034049,PILCOMAYO,Formosa,20,101
4,24,30,16,1,4,4,0,0,1,3758,13,51,3,1,0,1,26,4,100,1,20,17,7,30,26,24,9,1073,034028,MATACOS,Formosa,3,16
0,3,13,21,17,0,20,43,21,15,3169,3,13,3,3,0,4,0,22,65,2,6,1,11,0,0,32,3,633,034063,RAMON LISTA,Formosa,2,3
22,58,13,11,0,0,41,1,28,2,6529,40,89,11,1,2,2,1,14,334,9,2,2,66,27,46,0,1,1682,034021,LAISHI,Formosa,10,28
0,15,14,13,0,9,9,0,30,8,3928,7,34,1,0,23,1,0,15,51,3,4,11,8,33,0,20,15,633,034007,BERMEJO,Formosa,11,2
1,72,103,90,41,0,64,17,0,2,27701,268,253,32,7,2,5,17,56,646,17,6,49,163,0,0,0,40,4463,034035,PATIÑO,Formosa,57,42
20,192,33,54,50,11,120,4,0,2,20709,405,234,169,2,1,21,22,70,1299,17,1,9,249,0,35,41,5,4453,034056,PIRANE,Formosa,6,200
0,470,69,230,0,1,530,4,2,23,49277,786,1197,191,10,13,57,18,291,4032,37,11,69,692,3,5,10,80,21172,034014,FORMOSA,Formosa,57,359
0,17,21,7,50,0,9,0,14,0,768,37,13,10,2,4,0,1,1,140,1,9,5,9,27,3,38,27,266,078049,RIO CHICO,Santa Cruz,31,21
0,30,34,16,1,3,26,41,9,3,1859,45,40,28,1,40,1,0,20,280,6,8,14,24,6,30,0,1,578,078035,LAGO BS AS,Santa Cruz,78,36
0,47,27,23,0,1,59,46,1,2,2084,69,44,45,28,1,10,0,31,408,0,13,14,10,18,12,0,4,580,078042,MAGALLANES,Santa Cruz,87,41
23,71,74,26,0,0,27,34,0,17,3145,85,95,15,0,1,1,5,25,333,6,23,7,25,0,16,30,13,767,078007,CORPEN AIKE,Santa Cruz,81,29
0,241,488,189,1,1,216,2,16,15,27681,390,418,128,9,15,9,3,203,2257,18,174,427,172,6,267,0,10,6461,078014,DESEADO,Santa Cruz,1041,215
0,344,729,203,0,4,306,1,0,48,21434,617,385,168,9,17,4,6,114,2881,17,257,216,189,1,160,31,7,8077,078021,GUER AIKE,Santa Cruz,1033,269
1,90,119,45,1,22,67,42,0,7,3685,134,129,51,2,3,3,1,51,1128,8,31,41,42,3,19,0,1,867,078028,LAGO ARGENTINO,Santa Cruz,108,74
0,1,0,1,0,0,1,0,0,1,2175,4,4,40,10,0,0,0,6,33,27,37,1,66,22,48,6,1,372,074063,San Martin,San Luis,0,1
0,24,3,18,0,13,13,0,0,3,2885,50,32,2,48,2,0,38,14,449,1,9,1,36,0,4,31,1,684,074021,Pringles,San Luis,3,17
0,22,4,28,28,13,6,33,0,1,4799,25,61,6,1,43,2,3,19,358,1,50,0,23,1,3,0,0,664,074042,Dupuy,San Luis,2,11
9,10,8,63,0,1,4,0,48,1,6671,21,43,4,1,50,48,2,8,429,41,33,14,38,0,10,27,1,1510,074007,Ayacucho,San Luis,8,5
12,325,88,191,0,2,167,38,1,8,32197,253,369,91,5,6,8,20,116,5858,12,13,72,173,7,22,46,1,8487,074035,Pedernera,San Luis,85,187
48,69,6,44,9,24,6,13,40,26,4636,58,88,17,0,1,1,0,14,872,3,20,9,46,25,1,0,1,1457,074028,Chacabuco,San Luis,3,42
0,3,4,3,0,41,3,0,50,0,1341,6,6,3,0,0,0,0,2,61,10,0,2,8,43,3,32,0,230,074014,Belgrano,San Luis,0,0
50,124,5,52,1,0,36,1,10,6,9517,148,97,27,5,2,4,5,50,1230,6,1,15,74,0,8,18,1,2048,074049,Junin,San Luis,27,80
3,249,128,501,13,2,179,4,1,16,50887,400,618,114,8,14,9,3,308,8031,23,23,139,400,4,59,22,1,11326,074056,Pueyrredon,San Luis,145,268
0,280,474,143,0,3,147,5,2,32,13703,431,346,161,3,10,9,9,114,4294,39,91,99,122,1,28,8,10,4219,094015,USHUAIA,Tierra del Fuego,338,228
43,2,1,1,0,35,0,50,0,8,28,0,1,1,0,41,34,26,0,5,8,30,27,39,0,0,9,11,9,094028,ANTARTIDA,Tierra del Fuego,0,0
1,273,407,193,1,1,114,2,1,24,14049,502,350,159,3,15,5,5,160,2827,25,125,140,169,1,63,49,10,6389,094008,RIO GRANDE,Tierra del Fuego,410,252
0,29,146,313,1,34,21,1,27,0,10896,10,62,1,0,2,19,1,0,528,1,34,63,30,1,3,33,5,2221,090028,FAMAILLA,Tucumán,5,1
0,272,223,768,1,41,241,3,23,48,25536,233,482,17,32,33,10,32,22,3073,20,62,179,64,12,25,0,48,3945,090119,YERBA BUENA,Tucumán,55,31
50,13,558,46,0,0,4,4,0,5,4628,11,43,1,3,1,3,1,0,286,9,59,180,1,38,1,0,1,766,090112,TRANCAS,Tucumán,42,0
0,6,1077,19,19,3,6,25,35,1,3269,8,18,2,3,1,1,2,1,86,20,70,115,15,45,8,23,0,652,090098,TAFI DEL VALLE,Tucumán,22,0
4,2215,1517,6054,42,18,1029,39,2,268,141278,1342,3085,98,167,198,162,139,147,14838,104,278,879,502,4,49,43,93,30535,090084,CAPITAL,Tucumán,376,157
0,116,183,606,6,34,91,1,21,14,19284,89,256,3,5,1,14,46,10,1298,10,38,196,10,7,15,0,8,5076,090021,CHICLIGASTA,Tucumán,21,6
0,58,87,545,0,6,23,45,47,14,18192,56,80,3,13,1,33,5,6,771,11,32,235,14,1,29,0,3,3370,090077,RIO CHICO,Tucumán,6,6
1,58,224,436,1,2,53,1,0,7,16088,60,102,2,5,18,12,6,10,1317,3,73,119,47,2,11,0,6,2728,090063,LULES,Tucumán,81,4
16,4,7,12,15,0,3,8,0,1,5118,6,18,2,0,0,5,37,5,94,4,2,19,2,0,1,10,2,676,090035,GRANEROS,Tucumán,20,2
23,63,135,631,1,0,186,4,0,18,19044,35,128,10,2,2,1,14,14,628,9,19,184,26,1,12,0,4,3601,090070,MONTEROS,Tucumán,12,1
0,22,60,243,1,1,98,35,0,8,22633,67,102,3,1,1,3,4,3,294,4,51,26,32,0,1,12,5,3860,090056,LEALES,Tucumán,6,2
0,91,58,269,31,0,82,4,0,3,12132,58,62,3,0,30,6,45,1,227,7,10,111,17,0,1,9,11,2147,090007,BURRUYACU,Tucumán,24,0
14,222,471,608,4,2,129,6,32,27,29838,196,356,7,15,10,18,38,9,2830,15,200,322,56,1,10,0,28,5073,090105,TAFI VIEJO,Tucumán,81,10
0,28,44,57,22,27,15,0,20,5,5380,25,21,2,0,0,4,36,1,167,0,3,17,7,1,1,15,0,1073,090049,LA COCHA,Tucumán,4,1
2,195,264,700,41,4,133,35,1,15,48011,153,336,31,2,6,27,18,25,1619,9,65,292,109,46,6,8,55,9436,090014,CRUZ ALTA,Tucumán,48,21
0,15,10,106,23,2,9,0,0,6,10419,12,50,7,39,0,11,25,25,190,2,4,19,15,23,49,0,0,1789,090091,SIMOCA,Tucumán,5,0
21,49,38,214,0,0,25,29,0,5,7716,30,143,14,0,9,5,3,6,379,5,33,112,13,18,6,0,3,2236,090042,ALBERDI,Tucumán,18,1
0,1300,164,912,0,7,476,4,1,124,92652,1367,1259,384,18,40,15,26,690,12574,119,47,132,420,5,1236,20,8,14550,062042,GENERAL ROCA,Rio Negro,4760,913
14,1,0,16,0,0,11,0,45,2,664,10,19,1,1,0,0,22,10,46,45,30,1,1,0,69,24,11,128,062049,9 DE JULIO,Rio Negro,373,9
0,154,121,70,39,12,47,3,2,5,7530,110,171,63,0,1,5,1,88,1119,2,21,15,65,12,122,0,1,2198,062014,AVELLANEDA,Rio Negro,438,165
45,11,2,21,0,0,31,0,0,41,1049,6,46,5,28,1,2,6,4,120,40,26,9,5,0,122,0,0,224,062084,VALCHETA,Rio Negro,276,8
1,798,120,282,1,17,414,2,0,92,28286,1160,595,617,10,55,11,20,312,6691,51,24,38,147,2,804,9,3,7385,062021,BARILOCHE,Rio Negro,3241,931
35,36,2,12,3,1,12,1,0,11,1218,46,55,23,0,1,0,0,18,257,3,0,3,4,0,95,0,1,242,062070,PILCANIYEU,Rio Negro,416,36
0,450,69,145,1,17,149,1,0,58,11536,292,347,199,1,12,29,22,192,3249,15,16,40,87,2,480,0,2,3377,062007,ADOLFO ALSINA,Rio Negro,1681,372
0,2,4,4,0,38,1,24,15,47,315,3,32,6,41,0,20,0,10,13,0,0,0,4,25,32,0,0,50,062056,ÑORQUINCO,Rio Negro,204,5
0,115,65,92,0,0,97,0,42,13,5795,239,106,70,6,3,1,3,73,1021,8,21,22,36,0,189,0,3,1521,062077,SAN ANTONIO,Rio Negro,760,110
0,3,7,16,0,2,8,0,44,0,648,3,14,1,0,0,12,0,7,55,3,35,49,9,26,71,0,0,185,062035,EL CUY,Rio Negro,255,1
0,12,11,55,0,0,17,0,0,2,2542,19,87,9,21,23,1,0,24,248,0,2,1,4,0,207,4,3,620,062091,25 DE MAYO,Rio Negro,1168,40
0,132,8,18,19,30,25,33,45,11,3826,105,84,80,3,2,2,1,56,689,0,3,6,22,0,25,0,24,873,062063,PICHI MAHUIDA,Rio Negro,127,58
0,51,14,18,39,0,42,40,10,1,1066,35,16,20,1,3,1,2,31,238,1,1,2,4,0,19,0,46,404,062028,CONESA,Rio Negro,58,60
0,0,1,15,0,45,3,0,0,0,1303,2,17,1,0,43,2,36,4,37,0,0,35,1,0,21,0,0,267,070112,Ullum,San Juan,20,0
2,166,32,503,4,29,170,4,2,36,22007,319,383,97,5,17,25,10,132,5249,30,9,152,115,1,104,40,1,6494,070028,Capital,San Juan,287,184
22,12,45,47,0,1,24,1,1,0,9083,11,157,4,1,0,11,31,49,468,1,6,135,34,0,85,0,0,3338,070070,Pocito,San Juan,172,2
0,3,3,9,18,0,1,2,18,15,2343,11,25,4,0,30,38,25,26,91,1,1,14,5,38,14,0,0,553,070021,Calingasta,San Juan,35,2
0,0,0,8,35,2,1,39,0,36,1567,2,23,1,0,27,7,50,7,32,0,0,10,1,17,12,13,4,260,070133,Zonda,San Juan,1,1
0,61,56,227,31,4,63,2,26,1,29039,99,306,33,11,2,58,2,78,2291,5,13,533,100,0,101,25,0,7429,070077,Rawson,San Juan,332,42
47,5,10,22,0,2,4,0,0,0,7493,67,49,32,6,0,38,0,9,146,0,2,71,33,13,11,0,9,1011,070007,Albardón,San Juan,61,2
6,14,4,38,0,10,18,2,0,21,6169,10,35,1,0,1,7,34,11,199,0,5,56,6,0,29,5,0,1247,070105,Sarmiento,San Juan,46,5
42,2,18,4,0,0,1,3,11,3,1841,1,15,1,9,41,2,0,2,46,35,0,6,1,27,25,0,0,352,070049,Iglesia,San Juan,10,2
0,1,5,36,0,0,11,47,0,4,2151,5,23,2,1,0,7,0,6,58,19,1,21,5,45,17,0,1,761,070063,9 de Julio,San Juan,45,0
8,2,1,13,11,0,2,1,0,48,4042,1,17,1,1,2,1,24,2,58,19,0,105,1,44,48,10,22,1368,070126,25 de Mayo,San Juan,56,0
34,5,43,22,0,0,8,0,17,2,5153,18,81,1,1,14,37,0,7,173,33,4,203,22,17,11,36,0,1309,070056,Jachal,San Juan,37,8
21,1,1,27,0,37,9,40,36,1,3055,2,27,1,0,0,3,20,21,152,0,0,48,1,36,9,0,1,802,070091,San Martín,San Juan,15,1
27,4,38,43,0,0,3,2,13,0,2440,1,14,25,1,0,5,25,8,71,31,2,22,14,17,10,0,0,593,070014,Angaco,San Juan,6,1
0,88,55,241,40,11,85,5,1,14,24094,171,242,32,2,1,25,1,70,2049,7,8,173,49,0,62,25,2,5011,070084,Rivadavia,San Juan,200,48
0,29,40,77,0,1,55,0,46,2,25324,54,204,11,10,2,38,0,36,792,5,9,400,43,26,88,15,17,3661,070042,Chimbas,San Juan,279,16
14,1,1,9,0,0,4,0,0,17,2294,48,5,1,3,41,5,40,1,43,23,36,40,2,45,1,35,15,481,070119,Valle Fértil,San Juan,30,0
33,6,11,83,0,13,10,1,18,0,8822,16,123,5,10,27,48,0,22,384,1,46,164,11,0,74,0,22,2094,070035,Caucete,San Juan,80,7
0,31,22,118,0,3,24,1,22,3,12940,52,92,28,5,1,17,2,86,962,8,6,117,68,1,31,16,1,3028,070098,Santa Lucia,San Juan,109,28
1,597,663,981,22,6,352,21,7,50,53064,1610,855,251,42,82,27,30,617,20453,217,241,270,665,4,24,6,29,11873,002028,COMUNA N° 4,Capital Federal,317,672
3,1032,467,1009,18,3,454,107,162,106,43594,2619,1002,516,29,424,29,30,598,22546,331,114,148,578,5,22,0,17,7167,002049,COMUNA N° 7,Capital Federal,565,1265
0,551,274,530,15,8,321,19,31,49,29908,1598,789,254,48,55,23,16,654,20144,270,75,108,423,2,16,33,4,7692,002063,COMUNA N° 9,Capital Federal,428,566
3,3299,255,1533,17,10,1041,128,14,169,38781,5194,1633,1238,51,444,31,111,904,23992,461,49,127,526,4,25,0,20,9602,002098,COMUNA N°14,Capital Federal,237,3435
2,1735,217,966,10,2,1023,38,6,207,31650,2782,1697,879,23,260,13,57,751,17753,228,40,127,361,6,14,37,12,8851,002014,COMUNA N° 2,Capital Federal,205,1959
1,1362,418,729,8,6,553,124,38,78,32144,3583,953,500,40,213,28,42,697,21304,523,156,148,475,4,31,0,16,6519,002035,COMUNA N° 5,Capital Federal,236,1805
5,1832,134,992,12,4,506,96,19,75,31462,3750,1253,468,46,192,26,40,714,26139,357,46,131,415,1,14,0,13,6461,002077,COMUNA N°11,Capital Federal,161,1729
7,2890,170,1611,31,8,1072,189,14,206,26795,5576,1451,1388,34,489,31,86,1042,28645,638,48,119,459,3,31,39,16,9667,002091,COMUNA N°13,Capital Federal,257,3681
3,975,177,1016,18,4,463,65,59,69,27835,2237,866,343,37,172,21,27,515,19109,308,30,88,447,4,21,0,13,5713,002070,COMUNA N°10,Capital Federal,243,1081
1,2285,199,1129,19,9,604,96,13,61,39678,5859,982,860,43,346,24,67,522,18863,411,55,173,386,1,26,6,8,5834,002105,COMUNA N°15,Capital Federal,196,2945
3,1550,112,828,25,4,585,109,11,80,25116,2980,928,739,50,157,23,40,1112,25804,308,45,119,516,2,18,0,11,6074,002084,COMUNA N°12,Capital Federal,166,1642
2,1641,636,1049,10,6,533,144,49,75,39006,2837,1229,596,35,354,23,43,664,18631,359,208,283,290,7,20,32,18,10167,002021,COMUNA N° 3,Capital Federal,292,1611
1,536,398,473,8,3,353,9,8,17,33263,1148,698,214,33,25,24,13,391,12051,91,89,182,374,0,33,0,28,10001,002056,COMUNA N° 8,Capital Federal,612,418
26,1186,614,654,11,3,777,89,15,128,52990,2488,1622,560,30,137,20,28,690,18953,277,229,224,578,5,26,0,23,10293,002007,COMUNA N° 1,Capital Federal,303,1498
0,1039,219,704,18,4,607,90,38,54,33318,3445,1205,456,30,154,30,50,553,17311,386,46,83,479,1,20,0,14,7068,002042,COMUNA N° 6,Capital Federal,175,1887
45,15,2,48,21,11,71,0,0,3,3289,24,81,21,2,1,1,2,46,1419,1,2,0,34,0,95,0,19,1018,006385,GENERAL VIAMONTE,Buenos Aires,130,40
22,78,1,35,0,44,47,3,18,5,1950,35,97,60,2,4,9,0,51,967,3,1,1,50,36,9,0,1,663,006343,GENERAL PAZ,Buenos Aires,10,14
0,39,3,52,38,0,46,13,0,2,3773,32,91,34,0,2,2,0,33,1175,7,1,6,25,1,4,50,0,798,006329,LAS HERAS,Buenos Aires,32,34
15,100,1,29,0,9,26,41,0,37,1539,32,51,51,44,10,2,1,17,794,0,1,1,6,12,3,0,1,436,006553,MONTE HERMOSO,Buenos Aires,19,59
42,13,0,7,4,31,40,0,8,1,995,17,61,17,2,0,0,2,15,517,16,1,28,3,38,0,0,0,441,006466,LEZAMA,Buenos Aires,3,22
0,132,1,51,11,0,76,0,1,17,5164,108,137,46,0,1,4,41,88,3787,18,1,16,19,2,0,0,1,1159,006707,SALADILLO,Buenos Aires,7,34
1,86,9,65,34,44,50,42,36,13,4261,46,64,27,1,0,1,4,52,1603,3,1,4,61,1,1,5,1,959,006574,NAVARRO,Buenos Aires,4,23
0,109,6,32,21,0,79,1,0,5,5181,162,102,37,34,2,0,8,79,2345,3,1,8,34,22,3,15,0,1889,006518,MAR CHIQUITA,Buenos Aires,24,47
0,62,22,108,3,0,63,3,46,7,7327,84,200,32,1,1,4,2,206,3942,9,0,16,103,0,72,50,1,1942,006112,BRAGADO,Buenos Aires,44,113
0,454,53,161,40,1,147,6,0,19,20206,678,536,182,6,4,4,17,139,6938,28,20,27,179,2,9,0,3,4456,006126,CAMPANA,Buenos Aires,104,312
0,4601,186,683,1,12,552,3,3,202,42259,2005,1667,1588,17,137,35,25,910,19763,51,35,112,342,1,313,0,6,14104,006056,BAHIA BLANCA,Buenos Aires,1271,2466
0,271,17,100,3,34,64,0,29,127,3887,22,77,123,0,2,13,1,73,1449,15,1,4,19,0,12,22,0,972,006189,CORONEL DORREGO,Buenos Aires,38,140
0,176,170,81,1,1,95,21,48,16,18873,288,244,63,2,6,9,6,153,2068,54,35,73,197,1,3,0,4,3772,006648,PRESIDENTE PERON,Buenos Aires,54,122
0,52,4,27,1,7,97,0,0,1,3678,71,123,20,0,0,1,0,45,1377,6,2,1,17,0,37,26,1,699,006161,CARMEN DE ARECO,Buenos Aires,15,31
1,657,463,493,6,3,574,5,1,41,62541,1919,863,496,27,35,18,32,493,14963,190,48,224,578,4,37,29,28,15965,006260,ESTEBAN ECHEVERRIA,Buenos Aires,448,730
27,2356,902,1780,12,18,1770,40,4,157,152568,4410,3165,985,163,169,69,102,2070,67661,614,107,420,1514,2,80,0,78,28176,006441,LA PLATA,Buenos Aires,963,1853
0,50,1,19,18,1,23,0,0,1,1973,19,59,15,19,3,35,0,24,508,4,13,0,18,31,1,0,29,339,006847,TRES LOMAS,Buenos Aires,5,19
0,569,101,311,2,1,376,4,0,75,38121,882,641,260,7,24,25,17,279,10565,58,31,154,406,1,12,0,2,8771,006749,SAN FERNANDO,Buenos Aires,150,539
0,198,61,185,39,1,105,0,0,35,13122,328,236,90,10,1,2,6,160,3287,25,9,26,133,0,28,0,4,3745,006778,SAN VICENTE,Buenos Aires,67,143
0,40,11,29,0,0,69,3,42,0,3243,56,196,19,8,0,2,1,38,1431,8,46,2,46,31,0,0,12,928,006462,LEANDRO N. ALEM,Buenos Aires,3,42
17,77,4,98,0,0,126,0,26,3,8397,128,197,53,7,1,54,4,167,7014,23,4,13,146,1,7,42,3,1848,006210,CHACABUCO,Buenos Aires,107,69
0,101,8,28,2,13,49,0,1,2,2713,152,128,58,16,1,0,0,12,1137,22,4,1,19,7,28,48,7,752,006140,CAPITAN SARMIENTO,Buenos Aires,1,60
47,77,6,29,18,29,61,0,22,1,4481,62,158,24,0,0,0,1,50,2648,3,2,1,27,0,44,34,0,938,006728,SAN ANDRES DE GILES,Buenos Aires,8,49
0,71,6,32,0,0,79,2,0,8,6553,47,205,27,3,1,3,1,80,2294,8,0,1,19,11,3,18,5,1767,006392,GENERAL VILLEGAS,Buenos Aires,23,75
0,253,70,139,0,1,95,1,39,10,18054,376,378,141,1,15,11,6,138,4386,33,8,46,189,2,7,35,2,3685,006364,GENERAL RODRIGUEZ,Buenos Aires,106,221
0,122,1,17,19,2,13,1,0,106,1696,13,36,36,1,0,0,5,17,746,2,33,1,8,0,0,36,0,422,006742,SAN CAYETANO,Buenos Aires,11,38
0,523,66,218,0,1,181,9,0,39,19359,696,754,255,24,4,5,27,239,8658,24,14,27,244,5,1,24,5,4967,006882,ZARATE,Buenos Aires,71,370
2,566,246,317,3,6,456,7,1,49,40106,1247,783,298,8,26,15,25,402,13923,116,43,189,341,6,21,48,7,6977,006410,ITUZAINGO,Buenos Aires,209,499
21,58,6,8,1,0,119,8,50,3,2322,18,58,28,0,1,38,34,46,1194,3,1,1,43,0,1,0,2,729,006784,SUIPACHA,Buenos Aires,2,23
0,363,52,370,2,6,199,21,0,26,18079,1782,280,122,12,5,3,18,146,6413,60,9,43,172,45,18,33,4,3780,006098,BERISSO,Buenos Aires,154,160
23,790,45,274,2,4,292,1,33,583,17361,371,742,206,2,2,4,9,387,7775,56,1,9,140,1,15,19,2,6323,006581,NECOCHEA,Buenos Aires,63,438
0,350,7,277,0,0,140,0,0,453,11750,186,462,227,1,9,6,43,267,5445,16,2,33,48,0,17,0,0,3061,006833,TRES ARROYOS,Buenos Aires,146,387
42,252,16,115,0,0,145,0,0,8,15506,252,322,75,16,3,16,21,139,3772,7,2,20,98,23,7,0,1,2417,006770,SAN PEDRO,Buenos Aires,25,125
0,1187,4,16,0,0,61,8,45,48,3375,111,256,277,28,41,1,6,24,848,1,0,1,13,0,4,44,26,583,006651,PUAN,Buenos Aires,15,617
1,616,66,201,1,2,212,5,35,20,21911,541,506,180,2,10,1,5,326,11050,53,29,33,266,1,18,0,6,4891,006497,LUJAN,Buenos Aires,103,229
0,20,2,32,0,0,36,34,24,1,2788,13,68,13,1,0,13,3,35,990,2,0,1,47,0,1,19,25,661,006351,GENERAL PINTO,Buenos Aires,3,25
25,1318,632,402,3,1,412,5,46,72,133150,1957,1277,258,30,19,48,25,515,9703,457,182,266,765,1,42,0,33,20897,006274,FLORENCIO VARELA,Buenos Aires,329,688
33,21,1,10,25,47,35,0,0,7,2367,19,49,2,1,1,46,6,35,700,2,0,0,9,0,1,0,0,472,006277,F.AMEGHINO,Buenos Aires,8,39
0,1226,198,399,1,0,355,8,1,49,43576,1266,808,353,14,33,11,31,405,12463,75,79,202,352,1,16,0,16,10097,006408,HURLINGHAM,Buenos Aires,160,573
0,165,53,57,1,1,54,1,50,13,7037,163,164,90,3,4,3,2,54,1570,4,2,16,78,1,5,0,3,1403,006266,EXALTACION DE LA CRUZ,Buenos Aires,60,166
10,30,1,10,0,0,30,9,9,1,2751,36,109,8,13,6,0,7,23,511,2,0,0,5,28,2,0,0,589,006406,HIPOLITO YRIGOYEN,Buenos Aires,15,49
41,185,9,76,49,18,89,0,0,10,8183,227,278,137,21,5,1,3,80,2795,24,1,9,54,14,2,8,1,1204,006070,BARADERO,Buenos Aires,10,267
0,81,1,133,44,7,56,14,23,15,7136,47,205,41,5,2,8,2,76,4441,21,9,3,42,0,30,28,0,1570,006854,VEINTICINCO DE MAYO,Buenos Aires,31,77
44,246,39,64,3,3,121,50,0,10,7169,340,165,71,3,5,4,4,111,2021,11,8,11,87,18,1,21,4,1512,006868,VILLA GESELL,Buenos Aires,72,140
3,66,3,34,0,1,78,5,1,23,3132,29,131,42,0,6,1,1,27,1535,10,1,1,29,11,1,0,1,1115,006301,GENERAL BELGRANO,Buenos Aires,14,67
1,1296,463,466,1,6,444,9,2,63,53940,1551,1229,630,18,38,25,86,596,12195,246,73,210,545,2,31,19,30,13060,006760,SAN MIGUEL,Buenos Aires,191,1039
13,85,2,69,22,17,64,38,50,20,3534,29,132,57,1,4,3,6,51,945,10,1,3,35,5,0,48,41,1119,006476,LOBERIA,Buenos Aires,22,46
0,72,9,48,34,2,124,5,0,1,8206,90,243,21,5,1,0,5,195,5029,11,1,2,91,4,3,0,49,2513,006469,LINCOLN,Buenos Aires,33,57
23,1337,453,587,3,2,498,2,0,47,91196,3101,1342,558,10,22,30,23,578,15440,151,115,267,810,3,53,0,22,16200,006091,BERAZATEGUI,Buenos Aires,303,781
28,189,21,768,1,0,275,2,27,20,22377,765,632,97,3,10,25,7,239,15328,16,3,80,157,1,5,0,0,4953,006623,PERGAMINO,Buenos Aires,117,187
16,13,2,28,0,28,47,0,0,2,2388,29,74,27,0,21,1,0,28,1686,1,4,1,22,0,35,41,1,559,006693,ROQUE PEREZ,Buenos Aires,11,91
1,120,8,77,31,1,102,30,36,22,8322,211,195,80,5,5,6,11,133,2731,13,2,8,77,2,3,12,1,1859,006280,GENERAL ALVARADO,Buenos Aires,25,145
1,30,6,37,50,1,16,27,0,3,1964,130,119,27,6,1,8,0,43,795,43,3,6,26,0,3,0,1,651,006655,PUNTA INDIO,Buenos Aires,9,38
49,265,13,416,22,3,226,1,1,19,22680,419,516,104,28,4,17,4,264,11603,35,3,22,219,42,52,31,2,4154,006413,JUNIN,Buenos Aires,92,152
17,2815,379,1060,15,12,663,32,5,71,84729,3168,1379,1650,64,87,37,69,898,35892,258,133,357,864,10,41,30,59,14633,006371,GENERAL SAN MARTIN,Buenos Aires,314,2311
0,142,2,29,1,0,123,1,4,2,3034,222,170,37,45,4,44,1,70,2622,7,1,3,59,1,0,0,1,1012,006735,SAN ANTONIO DE ARECO,Buenos Aires,10,63
0,16,2,13,40,43,44,8,0,4,2677,17,74,19,3,0,1,34,109,841,0,1,19,15,0,0,0,0,808,006287,GENERAL ALVEAR,Buenos Aires,8,5
0,48,13,2,0,0,29,13,2,1,2352,17,61,6,0,1,6,0,26,2101,1,30,5,14,0,6,0,0,386,006021,ALBERTI,Buenos Aires,9,11
23,36,2,57,0,1,56,0,0,18,5097,47,215,34,0,1,1,0,38,1634,5,0,1,36,0,1,12,0,1931,006042,AYACUCHO,Buenos Aires,4,12
42,910,316,388,1,5,379,4,8,25,66031,984,729,310,8,13,22,18,249,7395,202,94,328,566,7,17,3,32,13446,006412,J.C.PAZ,Buenos Aires,188,565
0,123,4,59,0,0,61,4,0,14,8685,71,260,46,2,6,19,3,71,3192,17,4,5,27,41,2,39,0,1938,006609,PEHUAJO,Buenos Aires,10,115
0,30,1,29,16,0,37,0,0,33,1879,13,126,15,0,1,2,18,25,778,5,1,3,23,30,0,0,15,579,006798,TAPALQUE,Buenos Aires,2,11
2,1890,875,1034,18,8,1198,13,1,118,158900,4862,2791,1016,61,80,66,45,1537,45123,407,118,683,1450,7,48,49,98,29920,006490,LOMAS DE ZAMORA,Buenos Aires,569,1443
35,82,5,51,0,3,72,1,14,24,6694,139,160,79,1,2,5,2,70,1831,17,0,6,90,0,10,11,2,1606,006119,BRANDSEN,Buenos Aires,26,91
2,1496,791,321,0,6,333,13,9,30,40418,1084,975,559,28,19,11,28,300,10303,250,51,195,498,4,28,27,17,9253,006252,ESCOBAR,Buenos Aires,413,771
35,142,7,200,0,0,114,3,33,17,9237,108,267,47,1,1,4,13,128,4366,7,0,1,85,1,6,26,1,3043,006063,BALCARCE,Buenos Aires,45,58
0,62,1,36,48,1,39,0,48,42,2620,16,62,34,39,1,1,0,29,1332,2,40,9,28,27,5,0,0,848,006014,GONZALES CHAVES,Buenos Aires,14,53
4,988,335,559,9,3,473,12,2,90,81428,4546,1551,441,50,67,25,34,1233,25316,201,108,283,1085,1,40,0,19,15153,006035,AVELLANEDA,Buenos Aires,231,888
0,68,1,64,10,0,30,26,43,2,4568,143,214,36,3,3,13,1,54,2241,2,2,8,65,32,5,17,1,918,006686,ROJAS,Buenos Aires,3,48
23,1421,37,257,0,7,304,1,0,72,18230,384,944,583,7,48,63,6,299,10438,29,6,39,243,0,19,42,22,4725,006595,OLAVARRIA,Buenos Aires,157,849
0,205,14,82,0,0,108,4,2,11,9135,86,432,111,5,7,4,9,105,4227,25,44,3,51,1,15,34,1,1907,006826,TRENQUE LAUQUEN,Buenos Aires,43,114
1,328,230,88,3,1,94,1,40,31,17041,310,360,208,6,14,7,4,135,3662,12,57,56,56,1,11,0,4,2219,006182,CORONEL ROSALES,Buenos Aires,110,247
2,1873,447,472,4,7,411,6,49,35,85519,1226,1017,683,11,32,11,38,345,8720,147,160,654,585,27,28,26,67,16072,006515,MALVINAS ARGENTINAS,Buenos Aires,195,1093
0,7,44,7,50,9,6,40,0,3,771,25,9,7,42,0,45,29,11,179,44,10,2,5,35,1,49,0,273,006336,GENERAL LAVALLE,Buenos Aires,2,9
28,79,44,31,50,0,57,1,48,11,1713,8,109,63,0,2,10,0,42,545,4,28,1,22,0,1,0,2,859,006448,LAPRIDA,Buenos Aires,3,59
37,564,150,99,24,11,71,43,14,26,6528,157,121,288,0,1,1,5,55,1799,2,21,24,60,1,50,0,5,1430,006875,VILLARINO,Buenos Aires,178,482
17,689,8,37,0,0,55,47,6,28,2496,200,107,267,18,2,21,1,65,963,31,1,5,31,45,23,0,0,824,006007,ADOLFO ALSINA,Buenos Aires,20,469
21,96,11,144,15,25,208,2,25,21,5518,139,374,82,2,3,2,4,165,2906,15,3,2,38,2,1,3,3,3612,006217,CHASCOMUS,Buenos Aires,45,57
32,1154,8,26,0,1,166,0,12,18,2967,119,447,172,1,16,5,2,125,1433,0,2,23,45,42,8,13,29,852,006700,SAAVEDRA,Buenos Aires,22,417
0,538,37,292,2,2,231,1,0,320,24333,641,913,224,8,41,3,16,440,10349,41,4,40,185,1,11,13,1,8297,006791,TANDIL,Buenos Aires,119,429
0,131,69,84,0,3,127,0,0,17,13215,257,274,71,2,9,4,8,97,2094,71,19,52,134,1,10,1,1,2627,006525,MARCOS PAZ,Buenos Aires,94,122
2,2338,564,847,4,5,930,10,1,112,112342,4789,2186,843,47,130,67,61,1129,44975,343,131,366,1418,13,63,37,30,29642,006658,QUILMES,Buenos Aires,415,1650
22,314,54,135,0,1,171,0,3,32,12081,187,587,86,2,22,4,2,144,5237,13,2,51,109,8,17,0,2,4689,006049,AZUL,Buenos Aires,40,223
48,80,20,53,22,0,66,16,25,5,6117,115,108,22,2,1,1,10,63,3835,17,2,8,39,22,15,46,4,1826,006665,RAMALLO,Buenos Aires,23,56
32,196,61,165,1,0,97,2,0,8,14678,342,301,96,4,4,3,10,132,4749,22,16,44,246,1,4,0,3,3242,006245,ENSENADA,Buenos Aires,67,112
30,20,1,11,0,14,28,0,2,1,2253,20,54,20,0,0,0,0,55,882,1,13,1,11,0,1,22,4,1019,006511,MAIPU,Buenos Aires,1,56
3,624,271,300,27,1,209,1,1,10,35322,819,473,135,20,14,6,9,256,6693,85,64,182,424,4,9,37,13,7083,006270,EZEIZA,Buenos Aires,233,255
28,157,3,6,0,34,65,30,0,1,5214,45,89,53,0,14,0,2,39,767,0,2,1,16,0,8,45,2,1086,006231,DAIREAUX,Buenos Aires,11,68
48,143,5,77,0,1,155,0,0,6,5894,109,223,56,6,2,4,3,61,5566,6,1,2,40,50,1,50,2,1708,006483,LOBOS,Buenos Aires,26,114
1,1659,526,408,2,10,602,15,23,131,70371,1383,1110,537,15,37,34,30,454,9952,129,53,182,815,15,16,45,20,12247,006638,PILAR,Buenos Aires,362,1209
0,90,2,29,36,9,13,30,0,1,5904,225,117,23,1,2,4,0,39,3194,8,1,7,19,27,15,0,1,926,006175,COLON,Buenos Aires,89,48
35,10,2,9,19,36,4,0,10,20,455,3,4,2,0,17,0,23,19,72,0,26,0,0,0,7,5,1,185,006812,TORDILLO,Buenos Aires,0,2
0,1492,311,836,9,14,514,22,1,63,83435,2705,1593,515,25,46,33,34,818,32177,275,70,341,718,1,30,0,23,13050,006568,MORON,Buenos Aires,291,1139
3,1591,422,1021,22,5,601,8,2,77,121477,6839,1732,698,54,128,47,60,1304,43482,296,71,375,1129,6,36,0,39,20476,006434,LANUS,Buenos Aires,305,1232
0,165,6,5,47,36,30,19,34,9,2458,35,59,45,41,9,12,24,44,632,1,1,1,6,0,2,44,38,880,006322,GENERAL LAMADRID,Buenos Aires,0,82
0,74,9,20,0,7,44,0,0,1,3640,47,146,22,1,2,3,7,69,1052,31,1,1,24,0,3,0,0,909,006679,RIVADAVIA,Buenos Aires,6,29
0,63,2,60,22,2,115,0,42,15,4126,57,208,47,0,3,27,1,84,2927,4,0,3,52,0,1,45,2,1276,006455,LAS FLORES,Buenos Aires,58,56
2,1093,1033,797,2,1,664,11,18,83,110545,2198,1624,514,30,56,24,44,702,24081,280,269,699,776,8,53,0,41,23155,006539,MERLO,Buenos Aires,573,849
0,107,1,45,1,0,101,27,27,3,4739,137,151,20,5,1,1,3,61,1995,2,3,2,23,2,2,43,35,1270,006147,CARLOS CASARES,Buenos Aires,6,65
17,361,3,13,27,1,49,0,0,17,2475,54,108,155,17,13,0,0,37,1127,3,1,5,17,0,8,11,7,655,006819,TORNQUIST,Buenos Aires,21,185
0,125,12,46,29,43,47,2,0,2,6838,359,240,83,0,29,2,1,107,3356,5,4,37,64,3,27,32,1,1408,006714,SALTO,Buenos Aires,8,54
5,2551,175,981,33,4,1286,47,1,136,46698,3533,1517,962,75,205,23,94,778,32762,303,30,136,522,14,34,0,15,8628,006861,VICENTE LOPEZ,Buenos Aires,239,2805
0,185,5,37,44,1,100,0,0,2,9851,58,246,62,0,3,1,0,107,2299,4,1,2,40,0,1,0,2,2625,006105,BOLIVAR,Buenos Aires,20,31
0,23,1,145,0,2,26,9,0,2,2894,142,156,8,2,4,3,3,84,2458,0,50,8,24,8,1,0,1,672,006294,GENERAL ARENALES,Buenos Aires,10,19
0,349,1,35,0,2,109,0,0,37,5429,74,205,150,1,20,8,0,73,1445,0,1,2,18,0,2,45,14,1700,006196,CORONEL PRINGLES,Buenos Aires,20,275
0,97,7,55,4,11,91,46,0,3,4183,106,139,31,4,5,2,0,78,1603,4,1,20,34,0,1,0,2,1248,006547,MONTE,Buenos Aires,25,83
4,1891,266,499,1,4,789,10,1,106,82018,1953,1413,752,15,67,20,48,1020,18591,180,141,207,971,2,18,0,38,23612,006805,TIGRE,Buenos Aires,310,1395
0,18,3,22,6,39,17,31,0,3,1525,35,117,20,0,0,0,1,46,627,7,0,1,21,50,22,0,2,502,006168,CASTELLI,Buenos Aires,15,15
0,199,4,95,0,0,97,1,1,10,9724,67,249,55,6,4,3,2,150,6184,21,0,2,44,2,12,31,1,2314,006588,NUEVE DE JULIO,Buenos Aires,57,63
1,1516,774,812,14,2,1249,17,1,112,110878,3664,2184,749,67,63,42,77,1247,25343,627,125,466,1065,7,55,0,84,25745,006028,ALMIRANTE BROWN,Buenos Aires,470,1250
2,112,20,69,43,2,95,29,36,6,7066,227,200,29,0,7,12,35,117,2308,1,2,11,42,0,1,0,1,1755,006077,ARRECIFES,Buenos Aires,41,65
0,21,0,3,40,39,20,0,30,1,740,2,28,4,8,1,2,0,15,200,0,30,1,2,0,0,0,0,321,006630,PILA,Buenos Aires,13,15
11,2777,206,898,17,2,1664,33,1,226,71800,2941,2432,1533,53,94,25,118,840,30081,250,44,154,520,7,15,41,14,14684,006756,SAN ISIDRO,Buenos Aires,267,2780
37,130,1,11,15,22,20,7,0,1,2127,36,57,19,7,0,1,1,11,557,41,0,11,34,0,8,18,18,402,006721,SALLIQUELO,Buenos Aires,4,47
4,3170,2547,1887,11,23,1316,30,9,203,262320,6331,3987,1287,92,115,98,119,2275,78712,302,542,1420,2580,9,218,49,146,62683,006427,MATANZA,Buenos Aires,1649,2287
40,191,1,15,0,0,38,10,49,7,2766,42,73,54,1,0,45,1,39,643,49,45,2,9,2,0,25,0,580,006399,GUAMINI,Buenos Aires,4,151
0,1692,890,666,2,6,486,12,5,114,95312,1919,1118,496,12,45,62,41,456,14730,194,94,346,1009,2,29,8,30,24360,006560,MORENO,Buenos Aires,435,957
0,3406,3,54,2,0,187,3,42,37,5260,286,239,863,3,43,4,1,103,1312,10,3,4,38,3,2,14,1,1863,006203,CORONEL SUAREZ,Buenos Aires,19,1631
0,1531,131,280,19,1,279,1,2,38,36411,758,842,417,15,8,9,43,331,12597,14,14,93,194,2,13,0,3,6552,006763,SAN NICOLAS,Buenos Aires,172,534
44,141,63,59,1,1,80,1,0,5,5107,214,127,52,3,5,1,9,64,1742,7,3,25,55,0,1,0,10,1730,006644,PINAMAR,Buenos Aires,126,105
2,1426,412,966,12,3,447,19,8,60,87157,2896,1399,480,28,87,29,33,626,31431,258,109,300,897,2,28,0,34,13999,006840,TRES DE FEBRERO,Buenos Aires,356,1072
3,2640,366,1652,5,10,1492,17,5,382,174777,3666,3239,1236,41,166,40,115,1506,57671,428,89,381,1240,4,134,0,16,39216,006357,GENERAL PUEYRREDON,Buenos Aires,672,2090
19,191,33,90,1,28,215,8,1,2,9279,252,303,97,1,3,16,3,183,6605,24,11,38,153,0,7,9,4,3511,006532,MERCEDES,Buenos Aires,62,160
0,34,6,22,0,0,35,0,23,3,3077,34,103,3,2,1,2,1,27,685,1,1,0,32,45,0,13,0,618,006154,CARLOS TEJEDOR,Buenos Aires,2,22
44,110,9,152,0,15,184,0,0,2,4761,111,212,31,0,3,1,2,110,2267,18,0,4,9,0,7,0,7,1829,006238,DOLORES,Buenos Aires,19,67
13,48,2,66,0,9,62,31,0,4,4150,136,77,26,1,1,42,48,37,922,20,1,7,30,17,4,0,1,1692,006315,GENERAL MADARIAGA,Buenos Aires,15,40
36,125,4,120,6,50,167,3,0,7,11997,156,402,61,0,3,4,19,154,12223,21,3,27,106,1,10,44,2,2260,006224,CHIVILCOY,Buenos Aires,21,109
34,127,20,68,0,1,33,0,0,42,4226,35,147,51,0,14,1,1,58,1759,11,0,11,21,31,2,0,0,1285,006084,JUAREZ,Buenos Aires,8,79
22,5,0,6,18,0,6,22,0,1,396,4,60,3,0,46,28,46,14,155,0,3,0,11,4,0,30,48,285,006308,GENERAL GUIDO,Buenos Aires,0,5
0,993,51,106,34,34,133,0,0,37,4477,155,230,321,3,10,1,20,130,1250,3,8,6,38,33,160,0,1,1200,006602,PATAGONES,Buenos Aires,661,423
8,229,35,119,0,35,100,4,0,12,11578,190,184,71,17,1,1,3,142,2576,33,15,28,78,3,8,0,3,2111,006134,CAÑUELAS,Buenos Aires,70,110
36,29,2,4,11,0,9,43,33,1,924,22,61,19,1,2,0,0,12,420,0,1,0,13,0,0,0,41,324,006616,PELLEGRINI,Buenos Aires,4,6
0,230,51,141,28,1,267,39,0,17,15859,534,359,159,4,24,7,16,176,6567,38,8,35,199,15,7,40,4,3534,006420,LA COSTA,Buenos Aires,126,201
0,41,13,17,7,1,20,16,2,1,3891,65,85,14,20,1,5,3,90,1176,1,6,15,44,25,1,37,1,1099,006505,MAGDALENA,Buenos Aires,13,47
41,70,2,18,0,0,24,0,0,5,1949,16,165,60,0,1,28,28,55,1334,0,33,10,12,0,1,43,1,1521,006672,RAUCH,Buenos Aires,11,13
0,19,327,71,1,21,2,40,17,1,6412,5,45,1,0,50,16,0,1,165,3,45,318,7,0,14,0,0,1259,010105,TINOGASTA,Catamarca,14,0
0,0,34,1,1,50,0,17,25,0,456,1,1,38,0,0,0,38,4,1,0,39,20,0,39,0,14,0,112,010028,ANTOFAGASTA DE LA SIERRA,Catamarca,4,0
15,23,545,31,46,25,2,0,0,1,10567,2,95,1,0,1,0,1,5,102,0,150,637,20,7,1,0,1,1463,010035,BELEN,Catamarca,12,8
0,2,27,5,19,0,14,35,0,1,1277,4,3,18,0,1,0,0,2,41,0,0,4,9,30,0,0,24,247,010056,EL ALTO,Catamarca,0,0
0,1,5,27,0,11,46,21,0,0,1590,5,3,0,0,1,0,1,41,64,0,1,19,3,0,1,26,0,320,010077,PACLIN,Catamarca,0,0
0,3,14,19,33,0,5,50,0,0,2967,6,21,2,6,5,30,0,0,70,5,2,334,15,0,51,27,1,885,010084,POMAN,Catamarca,8,1
0,14,30,25,17,30,26,15,0,0,5835,8,18,2,0,0,0,33,1,249,22,2,84,4,27,4,0,2,860,010042,CAPAYAN,Catamarca,5,17
0,18,43,28,20,0,4,21,18,1,4331,27,107,1,1,1,3,1,44,193,4,19,262,4,4,36,0,2,1552,010021,ANDALGALA,Catamarca,24,1
0,14,3,17,47,0,7,0,0,3,1618,1,9,1,1,29,1,0,4,64,0,2,50,1,0,1,0,33,397,010007,AMBATO,Catamarca,1,0
0,18,20,43,1,1,18,0,6,1,7483,8,39,47,0,7,31,0,2,163,14,2,73,6,1,1,26,2,1316,010070,LA PAZ,Catamarca,2,3
0,56,69,193,1,1,34,48,0,6,5768,33,86,6,0,1,3,1,6,445,5,8,95,19,1,12,7,24,1822,010112,VALLE VIEJO,Catamarca,9,3
30,275,280,763,11,0,306,1,0,28,47403,180,337,21,21,13,6,21,24,2759,37,73,1420,164,3,44,31,6,13163,010049,CAPITAL,Catamarca,99,31
0,2,0,6,32,6,3,18,17,0,1061,40,1,0,0,1,0,19,48,13,0,1,7,9,31,1,0,49,326,010014,ANCASTI,Catamarca,0,0
0,6,31,12,3,23,5,12,24,7,3890,4,25,11,1,1,6,1,36,99,4,2,11,7,6,0,21,3,714,010098,SANTA ROSA,Catamarca,1,0
0,28,19,29,40,0,9,0,0,4,5149,15,27,28,1,0,50,1,0,186,1,2,100,13,46,1,0,0,861,010063,FRAY MAMERTO ESQUIU,Catamarca,5,2
0,33,1135,44,48,14,4,0,0,1,6033,13,12,0,0,3,0,27,28,383,3,92,385,6,11,7,1,1,881,010091,SANTA MARIA,Catamarca,20,5
0,285,30,197,0,3,190,16,0,8,12438,984,403,87,23,1,10,3,58,20006,34,3,24,88,2,2,0,1,2787,082014,CASEROS,Santa Fe,26,164
48,335,3,81,0,46,207,0,34,5,6823,38,351,185,1,3,1,0,30,1466,12,2,6,32,29,13,31,15,2152,082098,SAN JAVIER,Santa Fe,44,312
2,5853,47,290,17,0,796,2,1,130,13068,305,1628,1361,1,23,22,176,106,14137,16,1,11,149,383,7,0,2,2849,082070,LAS COLONIAS,Santa Fe,33,1935
1,760,53,387,0,1,715,2,1,38,49567,2101,1200,266,31,27,18,40,333,24399,69,34,46,256,10,50,6,6,7715,082042,GENERAL LOPEZ,Santa Fe,105,569
23,333,59,219,0,2,114,37,0,6,17395,671,458,113,16,20,32,17,125,12498,7,3,33,133,1,17,0,6,4042,082028,CONSTITUCION,Santa Fe,33,239
0,841,3,106,50,12,136,2,26,28,14299,324,336,247,3,42,0,30,60,6706,3,4,37,37,51,5,0,1,2665,082091,SAN CRISTOBAL,Santa Fe,18,382
7,382,12,118,0,34,136,36,0,8,3720,26,202,121,27,0,0,30,39,878,37,8,0,42,1,1,6,2,1278,082035,GARAY,Santa Fe,10,80
6,2687,36,412,0,8,472,6,1,59,27028,641,652,523,1,155,4,255,204,25023,19,4,42,163,147,24,8,3,6993,082021,CASTELLANOS,Santa Fe,34,1424
1,215,18,101,0,2,40,2,0,20,6098,220,233,90,1,5,5,6,26,6135,9,4,28,44,13,3,0,1,2262,082007,BELGRANO,Santa Fe,27,91
10,170,18,137,0,1,64,3,0,39,11864,303,236,95,5,9,9,14,110,10476,10,7,33,47,1,1,0,6,2826,082056,IRIONDO,Santa Fe,39,156
0,271,6,144,2,1,89,0,0,13,11653,310,333,190,1,5,20,22,53,3001,0,1,15,78,7,4,0,1,2992,082133,VERA,Santa Fe,54,240
0,244,4,138,2,0,39,0,0,2,6014,244,124,40,2,12,3,10,19,1208,14,42,34,38,16,4,0,1,1744,082077,NUEVE DE JULIO,Santa Fe,2,77
1,239,36,110,0,15,100,1,0,11,8408,110,419,134,1,14,0,17,51,4375,5,16,7,76,2,2,0,0,2364,082112,SAN JUSTO,Santa Fe,70,155
2,1368,38,889,2,6,842,0,10,63,29788,480,2100,563,3,5,2,58,172,11778,15,6,32,268,38,4,29,1,8482,082049,GENERAL OBLIGADO,Santa Fe,58,636
0,547,57,84,16,2,100,1,33,20,11515,226,260,132,21,5,1,7,104,10088,8,4,33,55,14,1,0,2,2262,082126,SAN MARTIN,Santa Fe,35,236
4,630,28,132,1,3,130,8,26,13,13606,333,389,122,12,6,0,39,76,9850,5,4,36,66,10,1,41,5,3755,082105,SAN JERONIMO,Santa Fe,16,244
1,1119,54,367,1,3,349,1,0,38,29014,1038,891,352,19,13,12,77,216,20549,42,44,50,193,3,12,29,22,7653,082119,SAN LORENZO,Santa Fe,48,490
18,1,3,2,2,0,12,35,0,0,504,1,3,11,28,1,0,43,4,22,0,1,2,3,0,20,21,0,90,026105,TELSEN,Chubut,72,3
0,10,1,7,41,0,9,0,0,1,1354,12,18,14,24,1,46,0,7,85,27,1,4,1,49,70,0,36,363,026098,TEHUELCHES,Chubut,465,40
13,52,21,15,28,0,49,0,0,8,2129,32,62,34,1,1,0,2,18,310,1,6,12,62,0,87,0,4,762,026091,SARMIENTO,Chubut,282,47
5,3,28,1,0,13,15,37,0,2,370,2,11,2,17,37,47,0,2,41,0,0,17,1,47,18,6,0,114,026028,FLORENTINO AMEGHINO,Chubut,64,12
11,165,20,106,1,1,574,3,2,15,9870,187,318,123,2,4,13,2,74,1800,13,5,17,42,2,615,0,4,2010,026035,FUTALEUFU,Chubut,1584,234
0,4,12,3,0,0,3,0,0,40,204,0,1,2,0,0,32,5,2,12,0,0,0,0,0,10,50,7,51,026063,MARTIRES,Chubut,67,6
0,23,11,13,35,3,480,0,0,6,1482,69,54,27,0,4,2,3,30,273,2,1,1,11,0,73,0,0,456,026042,GAIMAN,Chubut,298,38
0,533,104,331,0,2,1139,2,0,62,20954,730,512,283,4,17,20,5,346,4965,29,24,69,140,1,788,0,3,4829,026077,RAWSON,Chubut,3652,517
44,125,16,56,0,0,84,1,12,18,5090,216,155,92,1,5,1,5,50,735,15,2,4,28,1,465,0,1,1286,026014,CUSHAMEN,Chubut,1178,136
2,608,623,307,19,2,426,2,2,52,45628,1286,592,319,15,12,13,43,404,4324,18,148,561,255,6,627,0,1,10231,026021,ESCALANTE,Chubut,2348,597
0,9,1,6,0,31,7,47,47,3,447,0,9,2,0,0,1,19,2,45,0,1,2,0,36,53,4,18,150,026056,LANGUINEO,Chubut,279,2
13,0,0,1,0,0,6,29,0,1,338,4,4,1,0,10,0,0,3,27,0,0,0,1,0,25,0,2,101,026070,PASO DE INDIOS,Chubut,135,2
0,3,2,2,0,37,2,23,39,46,246,50,1,1,0,0,25,23,47,14,0,1,1,33,48,41,0,36,88,026049,GASTRE,Chubut,140,1
0,261,198,163,9,0,267,1,0,53,16593,475,304,151,6,19,23,4,182,3109,33,42,51,173,1,326,0,3,4563,026007,BIEDMA,Chubut,1003,332
0,10,25,6,0,0,7,0,29,1,1416,36,19,15,43,0,1,28,28,106,37,1,4,22,0,50,0,0,281,026084,RIO SENGUER,Chubut,330,12
47,9,7,10,48,23,1,40,13,16,1160,3,25,3,0,6,0,4,15,95,1,4,2,1,26,59,31,45,220,058028,COLLON CURA,Neuquén,230,11
0,1184,374,1139,3,2,598,7,3,121,63095,1642,1717,479,10,76,27,40,874,13602,110,106,136,524,12,1675,34,13,18113,058035,CONFLUENCIA,Neuquén,4507,1295
5,0,49,2,48,31,36,0,0,16,517,1,1,1,20,0,0,31,1,5,0,0,0,1,0,54,23,0,101,058021,CATAN LIL,Neuquén,93,2
32,5,1,4,0,0,35,41,0,0,1284,7,20,4,0,0,0,39,3,79,27,1,1,5,31,45,0,0,418,058084,ÑORQUIN,Neuquén,174,2
0,12,35,18,2,0,2,37,0,4,2696,24,52,14,0,1,1,1,22,194,5,5,3,17,0,42,9,6,520,058014,AÑELO,Neuquén,150,11
0,156,15,76,0,31,69,1,0,18,6630,208,135,84,0,5,1,6,75,1479,11,9,3,44,0,168,0,1,1496,058056,LACAR,Neuquén,793,179
1,80,6,27,0,27,17,0,0,11,1953,97,65,39,0,4,29,4,52,751,3,2,12,26,0,79,0,1,667,058070,LOS LAGOS,Neuquén,176,67
0,7,2,3,0,31,0,0,0,0,3050,19,10,6,0,32,1,30,10,121,13,1,1,1,37,73,0,8,473,058077,MINAS,Neuquén,52,8
0,34,1,18,11,6,4,36,0,0,4953,25,53,10,1,28,8,0,56,259,24,3,2,25,0,9,0,1,716,058042,CHOS MALAL,Neuquén,74,31
0,30,14,49,2,39,16,2,0,17,3914,40,46,23,1,1,0,0,23,585,3,7,5,44,0,286,0,6,642,058049,HUILICHES,Neuquén,1245,37
0,62,20,122,44,25,30,0,26,3,8338,106,151,55,27,8,3,23,81,1148,18,6,14,45,0,494,0,2,2320,058112,ZAPALA,Neuquén,1255,79
23,42,66,48,50,0,24,11,0,10,6174,50,88,25,0,2,4,2,63,576,18,6,7,27,0,46,50,16,1333,058091,PEHUENCHES,Neuquén,175,28
0,14,7,21,45,0,8,0,0,0,1764,17,12,12,50,8,0,1,10,82,1,5,0,11,0,47,0,38,248,058105,PICUNCHES,Neuquén,227,4
2,5,1,10,0,44,4,46,0,16,1785,4,24,12,0,23,34,12,11,72,6,1,0,9,0,12,0,6,321,058063,LONCOPUE,Neuquén,187,3
50,20,7,31,0,9,3,0,10,2,2017,21,13,10,0,1,2,1,11,205,1,0,1,20,0,104,45,0,302,058007,ALUMINE,Neuquén,470,8
0,10,1,2,11,29,5,0,0,1,1309,8,10,2,0,1,28,0,7,106,0,14,1,3,34,37,11,0,252,058098,PICUN LEUFU,Neuquén,108,2
20,3994,466,2895,6,22,2548,27,3,245,189794,7622,5471,1918,133,320,102,169,1809,162283,387,87,518,1872,29,128,0,98,64766,082084,ROSARIO,Santa Fe,692,3225
1,3772,234,1466,1,22,1287,13,0,205,94993,2866,3781,1536,27,126,25,177,806,43913,223,28,139,955,79,68,10,14,29580,082063,LA CAPITAL,Santa Fe,263,2449
4,9987,42,1133,5,47,1388,6,0,336,51666,1964,3096,2151,9,61,66,161,1095,29091,90,7,66,425,4,14,0,8,12063,030084,PARANÁ,Entre Rios,137,4419
