a,alfa_fisher,b,consanguinidad,departamento_id,departamento_nombre,ins,n,provincia_nombre,s
0.11037694756240576,790.6950149975681,0.043663227751987416,0.0001944491834193148,2007,COMUNA   1,0.0009022442110656207,257204.21000000002,Capital Federal,65225.0
0.1588893660421923,2682.795007709018,0.0234191314616995,7.147396631088321e-05,2014,COMUNA   2,0.0006113773118284779,205664.16,Capital Federal,64589.399999999994
0.1571613552378614,1133.2498437785878,0.07873274359603993,0.00015744542210134233,2021,COMUNA   3,0.001166644767046012,220396.44,Capital Federal,53919.72
0.14774824575257778,490.2667661924042,0.05603743146589653,0.0004646449967824259,2028,COMUNA   4,0.0009154199936608988,152464.24,Capital Federal,32418.12
0.14871864984483898,1523.4521758884775,0.04477584321106985,0.0001716168082844624,2035,COMUNA   5,0.0006781965435819719,130522.48,Capital Federal,29867.52
0.1938909751895027,1022.5895344413211,0.03843045676308531,0.0002498558721702439,2042,COMUNA   6,0.00044974056990643906,202804.48,Capital Federal,32656.32
0.12309694402315081,934.7945764812087,0.07654701927491009,0.0002938613540464011,2049,COMUNA   7,0.0010000058018295442,144554.76,Capital Federal,59577.740000000005
0.08971710424454227,493.7797730467384,0.0860551635663887,0.0004709083131641167,2056,COMUNA   8,0.0010640371045540346,183104.55,Capital Federal,24008.52
0.14955576147389074,1204.259493351586,0.0453910252916167,0.00017905194120570485,2063,COMUNA   9,0.0007058279421442278,130623.52,Capital Federal,41313.03
0.11141466308876873,803.628470718573,0.08004692619911272,0.0001544245936048466,2070,COMUNA  10,0.0005500054018802757,166116.16,Capital Federal,49876.71
0.1814364248251235,1159.4943574072233,0.0627176779452964,0.00011867241881857107,2077,COMUNA  11,0.0009419623243724082,236665.57,Capital Federal,36458.1
0.15675337033227543,1865.5120769749446,0.040097465994158636,0.00014821667648936567,2084,COMUNA  12,0.0005253249293293973,129082.97,Capital Federal,62959.54
0.12095532884539754,1673.1328430711842,0.05726707844634141,0.00010009665442499161,2091,COMUNA  13,0.0006603779278947499,183714.75,Capital Federal,48981.6
0.12695621593107087,1681.1331381128446,0.026470565870952718,0.0001648887846629273,2098,COMUNA  14,0.0005995955805924629,273544.7,Capital Federal,71550.7
0.13125631690485248,1851.741455764475,0.05936085300102037,0.0001411509145546961,2105,COMUNA  15,0.0008037299134643872,110970.09,Capital Federal,35944.5
0.12967577516635992,777.703139291882,0.04741682004813817,0.00043255579539810084,6007,ADOLFO ALSINA,0.001327498820359689,12007.1,Buenos Aires,1889.14
0.13656823266219237,389.03519134884823,0.07913870246085011,0.0006562388330855968,6021,ALBERTI,0.0026439767477941436,7777.8,Buenos Aires,1316.25
0.04154166214041567,396.87262086621087,0.06007533365838132,0.0006519724122950443,6028,ALMIRANTE BROWN,0.0014513472830220116,526465.87,Buenos Aires,51444.0
0.05457014597714983,447.2708407485661,0.055997753636665315,0.00030127159591820983,6035,AVELLANEDA,0.0023413106882786594,241314.48,Buenos Aires,31908.6
0.055347657415696805,445.2257493180383,0.03899194270367054,0.0004295573656576279,6042,AYACUCHO,0.00259643563241944,11225.849999999999,Buenos Aires,1656.9
0.05245225506613732,747.976664795161,0.06932225713586844,0.00036291239122324576,6049,AZUL,0.00164202983569862,38797.31,Buenos Aires,7303.5
0.044627957578768834,1217.612411740519,0.05042129970702624,0.00030769232999559826,6056,BAHIA BLANCA,0.0008237432456575071,268488.2,Buenos Aires,43676.25
0.04543083498951839,464.1947998701956,0.09697748495820968,0.0004170662834959313,6063,BALCARCE,0.0026161430510199327,47750.3,Buenos Aires,6749.32
0.06345731029991955,451.7371142558311,0.09949055808786916,0.0005672546972859052,6070,BARADERO,0.0020693451356989826,28978.77,Buenos Aires,4858.47
0.09511130136986301,575.5839936713033,0.055316780821917814,0.0003745760868449756,6077,ARRECIFES,0.0012453438731469318,16819.2,Buenos Aires,6151.6
0.033817586396097866,634.7708969110188,0.10168709469764067,0.0003832091250303468,6091,BERAZATEGUI,0.0019269944572954585,259238.56,Buenos Aires,35678.5
0.07566997227700922,550.309090717885,0.08415582803470202,0.0004957214129320108,6098,BERISSO,0.0012153170123494457,97879.05,Buenos Aires,16659.86
0.0566912095129455,306.1694003830593,0.11543019115766186,0.000760689996154451,6105,BOLIVAR,0.0027762408618775586,39343.44,Buenos Aires,5898.15
0.07165120111005117,582.0528181521294,0.07613303269447577,0.00026698607953373673,6112,BRAGADO,0.0017606649569251829,41857.53,Buenos Aires,6699.72
0.1139806595586412,343.8837780186209,0.04694966526159187,0.00039693643237980456,6119,BRANDSEN,0.0011908092971394135,24399.65,Buenos Aires,2545.1
0.0844258064516129,596.0706173247603,0.06841290322580645,0.00039949125670501063,6126,CAMPANA,0.002364988239693663,89566.75,Buenos Aires,9859.5
0.1326793863748832,668.8274464819639,0.04801644031451037,0.0005837081029696166,6134,CAÑUELAS,0.002480759437620871,44376.28,Buenos Aires,5842.84
0.06770799136069114,329.15556237983344,0.0666194384449244,0.0003511257691177363,6140,CAPITAN SARMIENTO,0.0015093167388941498,8449.75,Buenos Aires,2908.2
0.0930252516916983,693.8602800884153,0.08692523518732466,0.0003783903006618919,6147,CARLOS CASARES,0.0018876999268975284,12542.130000000001,Buenos Aires,2727.65
0.10506871794871794,379.24035028056454,0.13716102564102564,0.0010857230769230769,6154,CARLOS TEJEDOR,0.002412717948717949,12967.5,Buenos Aires,1349.76
0.07809698689591853,484.74604994371714,0.11381353810199482,0.0003997969659010151,6161,CARMEN DE ARECO,0.0027750612927246927,13298.91,Buenos Aires,2063.6
0.09247901463702704,656.5306881341698,0.06663053106677352,0.00042115319968637015,6602,PATAGONES,0.0009506029364349497,32715.66,Buenos Aires,5791.88
0.13217739668259773,401.51035714774235,0.09634523474838348,0.00088117278596082,6168,CASTELLI,0.002455727436284252,9461.619999999999,Buenos Aires,1974.72
0.057861032674465504,688.5687381791475,0.09454971762807583,0.0003572628066887307,6175,COLON,0.0024293870854833685,13287.439999999999,Buenos Aires,2052.8199999999997
0.06391506303915064,581.1616658467059,0.11022635110226352,0.00045082120070374395,6189,CORONEL DORREGO,0.00265984508415209,16682.49,Buenos Aires,3632.85
0.0553477557622321,614.8862227204022,0.08325869389405581,0.0005325375458101561,6196,CORONEL PRINGLES,0.0014261174955594012,25323.52,Buenos Aires,4716.24
0.1111956175552583,746.4344210556565,0.05970125485699726,0.0005735600984136255,6182,CORONEL ROSALES,0.0015233756213865887,53690.58,Buenos Aires,12591.45
0.06435142734885997,774.7315005661056,0.049964239867962584,0.00043027810248636735,6203,CORONEL SUAREZ,0.0012946420782775656,37625.7,Buenos Aires,5771.36
0.07451410498393102,504.0148711160526,0.04589297556496454,0.00022246367404144018,6210,CHACABUCO,0.0015991591641239759,34109.22,Buenos Aires,6964.71
0.061897142857142845,555.8606483835273,0.054606386554621855,0.00024178721841677843,6217,CHASCOMUS,0.0017680690346726924,19040.0,Buenos Aires,7344.57
0.0773925925925926,1208.6538044874233,0.039453333333333326,0.00035767065672153635,6224,CHIVILCOY,0.0013651551783264745,34020.0,Buenos Aires,10511.18
0.10954062838569881,345.8321445457825,0.07280606717226434,0.0009475695222906554,6231,DAIREAUX,0.003857362657112402,10522.2,Buenos Aires,3014.73
0.054554526015680685,641.776079315007,0.08965253029223094,0.0003190365091490134,6238,DOLORES,0.0013166586091864036,15938.080000000002,Buenos Aires,2724.86
0.08772521654461732,509.1395697191161,0.10139562245167048,0.0002533686393127275,6245,ENSENADA,0.0012330607113219406,54719.67,Buenos Aires,11388.6
0.05291023953672019,591.600569099039,0.0557745459331403,0.0006171816240069827,6252,ESCOBAR,0.0024687264960279306,120048.4,Buenos Aires,27545.37
0.046444138270137936,549.7075667639292,0.09619803217561886,0.0007197918019016861,6260,ESTEBAN ECHEVERRIA,0.0016668862780881148,247956.07,Buenos Aires,35449.7
0.19247250766179919,681.6743703697343,0.10890481341265548,0.00035482484088232493,6266,EXALTACION DE LA CRUZ,0.0016653112532077116,19081.68,Buenos Aires,4801.38
0.039794675232029925,440.7274512086905,0.12809338118700261,0.0006663982449800456,6274,FLORENCIO VARELA,0.0018269794581475406,351711.1,Buenos Aires,34637.41
0.06888248598072932,708.7779104388377,0.057546859993184,0.0005587081569102764,6280,GENERAL ALVARADO,0.0014898884184274038,35827.47,Buenos Aires,4766.3
0.11539902585237916,363.4798126072428,0.10543274634694644,0.0006994886405829895,6287,GENERAL ALVEAR,0.002766866178306047,6725.88,Buenos Aires,1350.0
0.11316578870354113,482.420442708161,0.04060579455662862,0.0005295173615901969,6294,GENERAL ARENALES,0.001972553224855084,16401.6,Buenos Aires,3520.02
0.1225239942822136,379.880805787306,0.11927846981144918,0.0007581325395030628,6301,GENERAL BELGRANO,0.003103605083590663,18657.57,Buenos Aires,4142.16
0.18874172185430466,406.5544827586207,0.060463576158940394,0.000990273178807947,6308,GENERAL GUIDO,0.002670736754966888,1884.48,Buenos Aires,655.11
0.07540983606557378,534.2878612209903,0.05222185792349727,0.0008458923228522796,6322,GENERAL LAMADRID,0.0034080879094628078,10888.5,Buenos Aires,2542.71
0.10238519533927348,260.5401653609062,0.1031185743660041,0.0007369305217644166,6329,LAS HERAS,0.002072617092462422,8403.84,Buenos Aires,1644.56
0.2344203120220251,294.49479153702543,0.1035178953808504,0.001294759740944556,6336,GENERAL LAVALLE,0.003452692642518816,3693.9700000000003,Buenos Aires,676.0
0.07112340002485398,320.25132083149435,0.0704262458058904,0.0007647119123947603,6315,GENERAL MADARIAGA,0.00276283013510365,21244.08,Buenos Aires,3880.88
0.14456823639970764,267.49961064527895,0.0567108697922105,0.0004725240522597032,6343,GENERAL PAZ,0.0020336478198518873,11683.94,Buenos Aires,1615.38
0.05794386422976501,472.14086535960314,0.10578764142732812,0.000847628386700207,6351,GENERAL PINTO,0.002776290078177489,6342.48,Buenos Aires,1440.96
0.04346304152473303,535.9198538833816,0.07730656336620684,0.00025694140458167107,6357,GENERAL PUEYRREDON,0.0007739963298509596,421088.8,Buenos Aires,79478.85
0.06313727449902552,661.590265094066,0.06309812936218413,0.000593532010245297,6364,GENERAL RODRIGUEZ,0.0012605989598130202,42023.100000000006,Buenos Aires,14406.48
0.09818950855460222,491.7329903910321,0.062455196222775046,0.00026721819070042274,6371,GENERAL SAN MARTIN,0.0009501091224903919,397091.52,Buenos Aires,54237.45
0.07724649386885968,655.944943363298,0.05912254937954328,0.0006992964952943421,6760,SAN MIGUEL,0.0014690257311219274,140956.65,Buenos Aires,34711.83
0.08782408926813258,444.0105229886322,0.04952806038726616,0.00029881048563210917,6385,GENERAL VIAMONTE,0.0016067186768415052,11730.95,Buenos Aires,1646.19
0.054385198509572144,584.9765908938228,0.0567741659171699,0.0003292866808664532,6392,GENERAL VILLEGAS,0.0011795343792231157,29886.72,Buenos Aires,4979.3099999999995
0.11258213199960772,269.1098387456235,0.11238305383936453,0.00074244777125693,6014,GONZALES CHAVES,0.003424623953905839,12032.46,Buenos Aires,1173.0
0.13844723777331785,494.8777061678404,0.08886870180627443,0.00039737090103086035,6399,GUAMINI,0.0020271674951139545,11455.07,Buenos Aires,1908.16
0.058953730179360536,166.1610291916168,0.16527164023914742,0.0006255979546210258,6406,HIPOLITO YRIGOYEN,0.005401988687521237,10156.08,Buenos Aires,1057.7
0.08996945010183299,341.24107499571437,0.067070204864023,0.0007077108170610264,6084,JUAREZ,0.001784662060414762,13856.02,Buenos Aires,4908.4
0.08259438721325404,1083.5508405758535,0.03622557349192863,0.0003375937577655288,6413,JUNIN,0.0014648135930165319,82860.8,Buenos Aires,7821.360000000001
0.026388889500851477,391.32743459054774,0.07424440366325706,0.00040860922558957815,6427,MATANZA,0.0013201221134432528,1016765.12,Buenos Aires,60914.53
0.04198201591900118,648.6040948020784,0.057006501478347835,0.0003850576985274988,6434,LANUS,0.0015402307941099953,250915.24,Buenos Aires,61851.2
0.07266437413476706,579.2126591807453,0.0378842036637584,0.00033964209324819207,6441,LA PLATA,0.0007898653331353306,417459.83999999997,Buenos Aires,72248.28
0.11927358274041772,302.858337005242,0.05145168694055542,0.0009152794099744467,6448,LAPRIDA,0.0020247089978222606,10369.66,Buenos Aires,1113.6
0.04704392816277797,429.60070279896865,0.04275011193472962,0.0003072620671707079,6455,LAS FLORES,0.001582865194515768,16482.82,Buenos Aires,2584.89
0.052704888951961966,726.2078105983442,0.08748172851770383,0.0006699184350539526,6462,LEANDRO N. ALEM,0.001272363070893838,9019.52,Buenos Aires,1639.2
0.054452442159383024,378.58493638110974,0.04878891745215653,0.0003929105088593856,6469,LINCOLN,0.0014976824102404817,23106.6,Buenos Aires,4576.88
0.10273576163660987,242.11795221926985,0.11108988523772187,0.0005926863278194332,6476,LOBERIA,0.0034982949105439717,11784.36,Buenos Aires,3217.26
0.08256390395042602,979.2908830136212,0.07767199492993451,0.0002909758529795652,6483,LOBOS,0.0010361579154882078,36922.6,Buenos Aires,3119.52
0.0759222304353262,311.6196730833467,0.11033644724518601,0.0004159718117839439,6490,LOMAS DE ZAMORA,0.001370260085876521,610920.74,Buenos Aires,42679.2
0.08595831189529034,896.2000091407095,0.04512655765683235,0.00047006806036961,6497,LUJAN,0.0017579781119513868,105983.71,Buenos Aires,7949.549999999999
0.1449869148008142,331.31580764215585,0.06435955219540565,0.000401429684102635,6505,MAGDALENA,0.0014910245409526443,11004.8,Buenos Aires,1926.6
0.1166186036426713,283.25318684977105,0.08670858629661751,0.0006891361123627116,6511,MAIPU,0.0027565444494508464,6918.0,Buenos Aires,1164.98
0.2048277289187791,673.1589573990311,0.04927884117951371,0.0003119619782100255,6518,MAR CHIQUITA,0.001297761829353706,21649.6,Buenos Aires,3945.0
0.12129822018200853,493.63273709967075,0.11184263509704438,0.0005408879515745919,6525,MARCOS PAZ,0.0026740527943013535,26448.21,Buenos Aires,7474.9800000000005
0.0871718613688635,1032.859046448232,0.04232809897692125,0.00040124061596314987,6532,MERCEDES,0.000994811444536735,63045.0,Buenos Aires,8685.66
0.03135313051836287,284.29335451183294,0.06702022375215146,0.0007196791509647617,6539,MERLO,0.003064440255720921,214737.6,Buenos Aires,39598.14
0.07396312260536397,563.0535315895348,0.07483836206896552,0.0007781675727405094,6547,MONTE,0.0019172244545780665,20378.88,Buenos Aires,4212.0
0.04426948236727753,568.5987339152465,0.10905853916560096,0.0006894141274300309,6560,MORENO,0.0032008513059251435,188184.78,Buenos Aires,20456.32
0.1148844391506268,913.1278669089396,0.05471807187780074,0.0003807790919545707,6568,MORON,0.0016979002133056262,358262.77,Buenos Aires,30818.96
0.07236195862479536,524.268392668017,0.09704569132311355,0.0004470515546574511,6574,NAVARRO,0.0030518719464615335,10750.4,Buenos Aires,2044.56
0.056254550563950595,869.2310738952496,0.09693078033389964,0.00028530963451254426,6581,NECOCHEA,0.0019401055146853008,89247.18,Buenos Aires,16533.51
0.07881154930292796,605.3130004137676,0.05045582670966759,0.00022674219768315142,6588,NUEVE DE JULIO,0.0011894672665345649,46073.43,Buenos Aires,6550.4
0.06265816238579555,603.0651064278236,0.05110498189967247,0.00032774239115035793,6595,OLAVARRIA,0.0009332325714111888,71352.3,Buenos Aires,8926.36
0.040573298827827675,614.0317892649068,0.08469051606028315,0.0003143974031558062,6609,PEHUAJO,0.0021722002399855705,21020.800000000003,Buenos Aires,6000.64
0.09588921859545005,193.78241963892555,0.07782789317507417,0.0005679049740686279,6616,PELLEGRINI,0.0019516734320104959,4397.85,Buenos Aires,1578.68
0.07873549024450482,753.1908424631702,0.049997765468252006,0.00019925228977719345,6623,PERGAMINO,0.0015016114591904434,117340.02,Buenos Aires,13918.8
0.1136100453435647,203.0092655216962,0.12185211021974189,0.001064606580613938,6630,PILA,0.0021772405257668506,2350.94,Buenos Aires,697.3199999999999
0.05332337565347274,614.447229744454,0.0657740851381628,0.000481611740886315,6638,PILAR,0.002705683937563567,146218.8,Buenos Aires,35837.1
0.24937993452724821,963.2227299613614,0.07329096861159251,0.00046601371213281706,6644,PINAMAR,0.0016017063883676083,13086.36,Buenos Aires,5447.84
0.14737148803329866,822.6327343420389,0.08962539021852237,0.0004954519592828847,6651,PUAN,0.002281577089806898,10234.650000000001,Buenos Aires,2989.32
0.06597796434538034,410.7938586084946,0.10954142905144237,0.0006487438758279654,6658,QUILMES,0.0012376037015795031,331954.74,Buenos Aires,65415.6
0.05296604890204018,301.19956544152524,0.0940974926023984,0.0006020925021394404,6665,RAMALLO,0.0016673330828476805,33389.2,Buenos Aires,4845.84
0.04164044423877834,334.3294911555192,0.0871679777880611,0.00046660556165963225,6672,RAUCH,0.0030795967069535725,10243.14,Buenos Aires,1818.0
0.06098752442507139,284.74299660253706,0.08052983616413648,0.0007726265531548451,6679,RIVADAVIA,0.0036243209220718194,10644.8,Buenos Aires,1696.02
0.05117797042325344,633.0795720875104,0.06358796532381439,0.00037357073332846175,6686,ROJAS,0.001251027572076709,27454.0,Buenos Aires,2977.42
0.0884695688485228,582.9241343230096,0.0938219020774611,0.0005619942299703626,6693,ROQUE PEREZ,0.0015053416874206142,8429.52,Buenos Aires,2797.08
0.10853906294584262,985.9395851559418,0.03870912514980311,0.0003495650293273175,6700,SAAVEDRA,0.0008785528170704264,11915.64,Buenos Aires,4883.6
0.04629487425609522,742.712068621281,0.06776348627375696,0.00046064284458861306,6707,SALADILLO,0.0017624595792955625,29691.3,Buenos Aires,5153.75
0.0883985200845666,406.740154765403,0.07862050739957716,0.0004705707016077487,6721,SALLIQUELO,0.001967841115814222,5524.639999999999,Buenos Aires,2457.7799999999997
0.05526066350710901,424.1490122428583,0.048657187993680885,0.0002740782051696441,6714,SALTO,0.0013155753848142918,35036.55,Buenos Aires,5699.76
0.06389507786745481,654.2580214807952,0.05540638854154825,0.0005349571400100499,6728,SAN ANDRES DE GILES,0.0016048714200301495,24279.72,Buenos Aires,2218.75
0.10915748928552053,472.4011377305952,0.0755123962458634,0.0003051961320258743,6735,SAN ANTONIO DE ARECO,0.0010198959348712757,13640.42,Buenos Aires,4985.76
0.08290659419253325,310.5638367075514,0.07106279502217136,0.0004776795700772357,6742,SAN CAYETANO,0.002076867695987982,9507.76,Buenos Aires,2035.8200000000002
0.07428941786471835,476.464848865639,0.10536656724666185,0.0006469522373662553,6749,SAN FERNANDO,0.0013600163822005953,141504.05,Buenos Aires,17769.75
0.11422550693987472,924.7994630572908,0.07338595136572322,0.00025354145343559135,6756,SAN ISIDRO,0.0007718430086888799,347029.32,Buenos Aires,36542.28
0.056670788253477586,891.397367956935,0.08629572385368366,0.00027288615464226033,6763,SAN NICOLAS,0.0018556258515673703,103649.4,Buenos Aires,17073.15
0.06728020045718304,495.8063307016336,0.10551916652013364,0.0007555873670871741,6770,SAN PEDRO,0.002641757313075156,58689.84,Buenos Aires,6867.49
0.1266652205680884,305.32576668980096,0.06552470545255275,0.000441331897602015,6778,SAN VICENTE,0.0025906755547546855,58248.68,Buenos Aires,5128.96
0.13596810933940776,534.0056263550315,0.06609225512528474,0.0006746183602202148,6784,SUIPACHA,0.0014718946041168321,6233.8,Buenos Aires,1482.25
0.08125613346418058,470.6133045396147,0.1013324160537418,0.00023267510489768278,6791,TANDIL,0.0019544708811405354,66224.81,Buenos Aires,20617.13
0.12355651183394506,208.33291641946008,0.10382230097456019,0.0009072018154801093,6798,TAPALQUE,0.003931207867080473,8691.1,Buenos Aires,1232.01
0.08320757748483203,385.6026209103782,0.10726004758880822,0.00030763535714548685,6805,TIGRE,0.002309631604415348,334599.68,Buenos Aires,40650.2
0.09576780716800577,515.1703016831524,0.07687099395143089,0.000402585318529402,6819,TORNQUIST,0.0008975672675409618,15175.49,Buenos Aires,2473.24
0.0491543458781362,364.534560694571,0.06839717741935483,0.0005530339828845821,6826,TRENQUE LAUQUEN,0.0022472492002929053,26784.0,Buenos Aires,7925.45
0.0897874852420307,160.57115907274178,0.10305194805194805,0.001510545239884083,6812,TORDILLO,0.006826879785450142,2134.44,Buenos Aires,500.25
0.07471542401821286,849.80158529702,0.04901821286283439,0.00032083959916914514,6833,TRES ARROYOS,0.0021597982773337576,42800.52,Buenos Aires,10199.82
0.06509774178916922,512.7933656625107,0.07940514696587773,0.0004083028643116216,6840,TRES DE FEBRERO,0.0016201457655885148,344286.72,Buenos Aires,29719.14
0.1842864515669769,862.1950802400341,0.05158548522005303,0.00045294273761255785,6420,LA COSTA,0.0017547072984675474,42705.16,Buenos Aires,12671.12
0.35909263311451495,743.9891344459788,0.1008402625820569,0.00037093955707499457,6553,MONTE HERMOSO,0.0012871155715373306,4387.200000000001,Buenos Aires,1890.07
0.05635869565217392,400.6370320666235,0.049320652173913036,0.0004952113362476369,6854,VEINTICINCO DE MAYO,0.0011451762150726603,25612.8,Buenos Aires,5980.44
0.15596029489795477,1161.8481836778672,0.0400854582867792,0.00011361208964681585,6861,VICENTE LOPEZ,0.0006438018413319564,146039.66999999998,Buenos Aires,63045.3
0.15262582396277627,457.5315691927917,0.08813183404420319,0.00026774108771581123,6868,VILLA GESELL,0.002126629210999872,19858.3,Buenos Aires,5624.65
0.12128525364457966,466.6509055609028,0.04764521549570826,0.000398424170583196,6875,VILLARINO,0.0016511271934078393,27743.940000000002,Buenos Aires,3267.3599999999997
0.0629042896652279,398.17716670049646,0.05475589293773216,0.0006609495019033997,6882,ZARATE,0.001463921210827365,120983.8,Buenos Aires,7807.0
0.1718733933161954,337.9624348653686,0.108668059125964,0.0007876615047647056,6847,TRES LOMAS,0.0023434557166553223,7655.52,Buenos Aires,1019.92
0.12059854014598538,252.26501607717034,0.12600398142003982,0.0009188749340062677,6277,F.AMEGHINO,0.002048639197128728,8815.95,Buenos Aires,1326.76
0.0841655000777726,220.84208940685193,0.07019132057862809,0.0009859986408607309,6648,PRESIDENTE PERON,0.0024723548009642203,43717.2,Buenos Aires,6206.7
0.0562303531657652,472.27451391472016,0.05945545657015589,0.000525541803945021,6412,J.C.PAZ,0.003628398208058775,156521.4,Buenos Aires,23957.64
0.05696097101782483,304.4308370334386,0.0763062367419888,0.0008080653142670283,6515,MALVINAS ARGENTINAS,0.0033400032989703834,207468.9,Buenos Aires,25754.3
0.14461024233018982,615.5274172775764,0.05414826310134893,0.00035969153247345615,6655,PUNTA INDIO,0.0027576350822964978,6869.14,Buenos Aires,1729.83
0.08396261050190812,293.1793634935832,0.10139143036568282,0.0008707979885002638,6270,EZEIZA,0.0017668364984063326,62103.0,Buenos Aires,17206.8
0.08788726415451907,527.5289137380457,0.08491172613497677,0.0003284180174549268,6410,ITUZAINGO,0.0020288935300548806,174133.08000000002,Buenos Aires,34707.68
0.09833745329117562,703.7854881357357,0.0614185829261282,0.0005729018384110768,6408,HURLINGHAM,0.002381123265896038,115502.8,Buenos Aires,18994.92
0.1586654309545876,276.41974887755885,0.05417747914735867,0.00043737830054086746,6466,LEZAMA,0.0018906029765314914,5438.16,Buenos Aires,1322.09
0.03321637726880231,161.6085183221691,0.12176511323706685,0.001113493285306081,10049,CAPITAL,0.0024534597811828904,93573.6,Catamarca,8398.11
0.033236826867400114,83.18943428935142,0.15126478616924477,0.002717292188978561,10042,CAPAYAN,0.008965080798673796,16199.26,Catamarca,822.12
0.024151819395275956,165.9238569188059,0.13486158667517845,0.0011396793897609026,10070,LA PAZ,0.00874376974439512,11889.39,Catamarca,1666.6799999999998
0.07361510053344276,49.35669079565437,0.15263028313500204,0.004543456953555406,10014,ANCASTI,0.019292217218173726,3289.95,Catamarca,173.85
0.055033169887510815,144.7237774608232,0.13206230170175945,0.0013698509220688793,10056,EL ALTO,0.011318112536437958,3813.7,Catamarca,623.04
0.053499630060247334,181.3121422032103,0.1340344572455343,0.002416550787364985,10098,SANTA ROSA,0.0056736409790308345,11258.59,Catamarca,654.81
0.045478145695364236,118.83124618431432,0.2161748344370861,0.003063167404938381,10077,PACLIN,0.011687161791149515,2567.0,Catamarca,445.0
0.07140245088504181,234.5860833658611,0.12180023341762301,0.001477069717983218,10112,VALLE VIEJO,0.005439367850350898,17890.68,Catamarca,1588.3000000000002
0.05249973508530254,205.49740072580815,0.11971389212673522,0.0009501336723013782,10063,FRAY MAMERTO ESQUIU,0.0072263687752499185,7927.08,Catamarca,1272.06
0.08298277425203988,63.56765421508226,0.23441523118767002,0.001976240928679634,10007,AMBATO,0.014439733718885857,5338.52,Catamarca,723.84
0.05807355967078189,46.7294076243545,0.22604809670781895,0.005049282924721419,10084,POMAN,0.012852720172018156,5443.200000000001,Catamarca,997.74
0.051487561832389415,115.57585701669763,0.18454226109398522,0.0014362861265741459,10021,ANDALGALA,0.009982188579690316,12275.12,Catamarca,1322.01
0.016132269434110044,65.40679846912516,0.15387115723516737,0.0023048062820436098,10035,BELEN,0.012189864336141753,15525.279999999999,Catamarca,818.25
0.07062162162162162,16.1061488566039,0.3343963963963964,0.016431612693774855,10028,ANTOFAGASTA DE LA SIERRA,0.053954549143738345,954.6,Catamarca,145.18
0.02202134036686249,131.9515082793815,0.21328977340846422,0.0034217115506102206,10105,TINOGASTA,0.008700165803101956,20018.4,Catamarca,1707.02
0.0359000326690624,88.51449794572784,0.22632473048023521,0.0018759638686739505,10091,SANTA MARIA,0.012719950133935566,20202.6,Catamarca,1524.56
0.029035076313545235,708.7257612482044,0.08006311021197995,0.0002865000979255915,14014,CAPITAL,0.0016635489556969833,930893.72,Córdoba,67620.8
0.14281396117697068,211.96314707315372,0.11236008123553584,0.0009737541777900016,14007,CALAMUCHITA,0.004136568135107914,29642.2,Córdoba,6489.06
0.05542715518197343,641.7028004696406,0.08477034309920381,0.0005596048509328412,14021,COLON,0.0011977507335755554,223641.44,Córdoba,29586.06
0.045464003329171866,88.1224701133693,0.1796328663245018,0.0024054591266823864,14028,CRUZ DEL EJE,0.0056069694751445555,32007.96,Córdoba,2149.12
0.08282123621441394,609.338005256339,0.08383175173121316,0.00038156162588642547,14035,GENERAL ROCA,0.0014651966434038738,17467.52,Córdoba,4715.3
0.05068816321072789,828.7686601045616,0.07043849511456653,0.00029929944499675537,14042,GRAL SAN MARTIN,0.0011825978070603505,145531.61,Córdoba,14624.28
0.06127081951866443,130.66723082564965,0.08789249912236222,0.001119255371648172,14049,ISCHILIN,0.005820127932570494,34097.21,Córdoba,2016.09
0.03940077980710035,747.3750499945285,0.05361871537040836,0.0005522662283187292,14056,JUAREZ CELMAN,0.0020177285822038614,56039.5,Córdoba,7662.6
0.054127996792415006,1145.799668899507,0.03752402740598356,0.00020217321254987808,14063,MARCOS JUAREZ,0.0007593823105532006,61903.27,Córdoba,6299.469999999999
0.0657501712719799,84.46145166026473,0.1470130166704727,0.004139758352797699,14070,MINAS,0.009068042106128294,3021.51,Córdoba,569.56
0.06786121673003802,87.86405779039441,0.22819153992395436,0.0034257466314389397,14077,POCHO,0.008123913440269484,3745.12,Córdoba,401.6
0.10653831170162598,664.3441876834504,0.09888779534286085,0.0007010673211788865,14091,PUNILLA,0.0013294313646058887,106808.48999999999,Córdoba,28702.8
0.0491215825473109,438.61341907132544,0.08266317027937863,0.0003016893561536974,14098,RIO CUARTO,0.0021253339717096295,248729.12,Córdoba,20306.22
0.04189312444670977,301.7700086866867,0.056958177964964996,0.0004384133485490294,14105,RIO PRIMERO,0.00231036875743298,27957.75,Córdoba,2682.24
0.04009147393855712,97.51992837668908,0.13969623748705556,0.00204855564729633,14112,RIO SECO,0.008069119954235924,8922.76,Córdoba,1496.68
0.030053436300821273,627.5238780056071,0.04276876546604344,0.0006106142147416043,14119,RIO SEGUNDO,0.002554325112048848,74449.39,Córdoba,5652.16
0.04143219873730443,356.9786391584378,0.040083722206972275,0.0003503010720607825,14084,ROQUE SAENZ PEÑA,0.0022385092897542684,36721.44,Córdoba,5368.32
0.05471822240123518,193.80465284093117,0.16805088443594135,0.0013165318595803745,14126,SAN ALBERTO,0.007671642441011565,37539.18,Córdoba,2633.3900000000003
0.07719010253694701,177.61577649722162,0.15958985221200597,0.0007837141651782125,14133,SAN JAVIER,0.0037716244199201476,32405.879999999997,Córdoba,2906.88
0.03093075780089153,517.416389739818,0.06718335809806836,0.00023501381558699048,14140,SAN JUSTO,0.0013606063007667868,141330.0,Córdoba,15607.03
0.054316162946923555,243.4044183004254,0.09855053937362222,0.0006094794870029719,14147,SANTA MARIA,0.0017859166363342898,105794.94,Córdoba,8089.62
0.08372538584353378,158.07267436076012,0.17810803618946242,0.0014091619623745376,14154,SOBREMONTE,0.0052096290730210175,4171.38,Córdoba,553.89
0.026030098822313604,734.164976214385,0.0575333175447284,0.0005557334021895088,14161,TERCERO ARRIBA,0.002148835821799434,65025.8,Córdoba,8536.0
0.04149829351535836,195.09587587156972,0.07643139931740614,0.001037182355065289,14168,TOTORAL,0.003129743246863679,18019.5,Córdoba,1538.25
0.07312350597609561,230.66724748978373,0.08595838866755201,0.0018450820592500884,14175,TULUMBA,0.004439728705070527,15474.15,Córdoba,917.28
0.05329840630999467,952.7995394791583,0.0748733606272986,0.0003778076973009223,14182,UNION,0.0008635604509735369,65714.16,Córdoba,8195.8
0.04489743058433485,199.3032598386669,0.17683677698182462,0.0019094017845370404,18021,CAPITAL,0.007933638422572508,343225.12,Corrientes,22254.8
0.03254829859664747,115.96145392406589,0.18028598514773267,0.0010848432452595551,18070,GOYA,0.007785345642450925,48733.3,Corrientes,4969.35
0.027564102564102567,129.33796556186388,0.09784188034188038,0.0012587178041093498,18035,CURUZU CUATIA,0.00406222564053472,30822.48,Corrientes,3507.5
0.037018594977183135,101.84962795020046,0.19991494117281844,0.001998534546434731,18105,MERCEDES,0.004606791496866498,27703.18,Corrientes,1803.2
0.04227941176470588,117.28971314707371,0.08735756082537727,0.0021385080862588663,18049,ESQUINA,0.005927203514670243,19741.760000000002,Corrientes,2658.56
0.022358692041194055,77.65269361270461,0.2190897441981871,0.0014020762826724036,18091,LAVALLE,0.012079426435331476,17278.22,Corrientes,1656.49
0.05529395772446134,272.4870049876718,0.12078524660730872,0.0008191216311768643,18168,SANTO TOME,0.003686047340295889,34428.42,Corrientes,4486.72
0.06637351425802174,278.21783074930715,0.13720757026985667,0.0007688220392773394,18119,PASO DE LOS LIBRES,0.0032981351250158325,34893.34,Corrientes,5431.8
0.03195592286501378,359.29758847110713,0.10832814568351759,0.0012176535942299582,18112,MONTE CASEROS,0.0030615290369210377,36336.3,Corrientes,2318.96
0.03196581196581197,46.085884286419414,0.32876505821387714,0.0030247873542719106,18140,SAN LUIS DEL PALMAR,0.019771780754752978,9658.35,Corrientes,542.03
0.03349633686606444,198.1724874491112,0.1747759442350096,0.0011888633131301833,18007,BELLA VISTA,0.004317450979262245,18557.879999999997,Corrientes,2047.1
0.030333333333333334,95.1653305459753,0.2543209876543211,0.003413007637724602,18042,EMPEDRADO,0.01612351884028518,8505.0,Corrientes,1137.35
0.03212589546298753,161.48080858794833,0.1037410453701247,0.0014435151894415074,18161,SAN ROQUE,0.005071810125064756,20051.08,Corrientes,793.16
0.022500967267662306,139.68034140859248,0.1898336299620831,0.002768821983822907,18063,GENERAL PAZ,0.007241534419229142,11630.7,Corrientes,1355.27
0.02072275027774349,131.46103973634015,0.2298623626712751,0.0017206618816774117,18126,SALADAS,0.006441452172433387,10855.34,Corrientes,893.8
0.06429828999291713,232.27410762328662,0.16794192046949302,0.0012980353388720681,18147,SAN MARTIN,0.0043267844629068936,8202.89,Corrientes,1404.9
0.021171715799483765,78.18172314090327,0.12059502784947695,0.0021584328564346134,18028,CONCEPCION,0.010245361291876299,11041.5,Corrientes,1151.96
0.03598393062109424,73.84809947392428,0.14635378140543298,0.003434753254409258,18098,MBURUCUYA,0.007231059482966858,5802.34,Corrientes,444.57
0.046839957561413535,243.18774742184542,0.10100383579531542,0.001617885786480444,18084,ITUZAINGO,0.006418497710299466,33328.16,Corrientes,2170.3500000000004
0.05045085910652921,146.14700225194127,0.09351477663230243,0.0012104251012623848,18175,SAUCE,0.005000444680624935,5529.0,Corrientes,904.8
0.06054347826086956,146.02221230474981,0.11112154150197627,0.0017057336419487878,18133,SAN COSME,0.010781921292318263,7893.6,Corrientes,1230.12
0.06444582814445829,110.50780853248985,0.20790784557907846,0.0016344998819417835,18056,GENERAL ALVEAR,0.010768469810439989,5267.68,Corrientes,734.4399999999999
0.021770833333333333,73.23009963570586,0.19857142857142857,0.001505528471877756,18154,SAN MIGUEL,0.010409654005554771,6773.76,Corrientes,840.1800000000001
0.040337473340860616,63.742516854383474,0.20580353782461425,0.0025885391437701476,18077,ITATI,0.007718553083241895,7014.48,Corrientes,1207.5
0.046204878048780484,111.79485173304124,0.2572926829268293,0.002189725163593099,18014,BERON DE ASTRADA,0.013746607971445567,1373.5,Corrientes,178.2
0.04101338224707356,277.14768406619277,0.10316305566239002,0.001331600519208588,22140,SAN FERNANDO,0.0037110178404173764,215988.39,Chaco,17849.92
0.0791712104689204,121.18008018316476,0.20283533260632497,0.0021298880113784337,22126,1° DE MAYO,0.005508331063909743,11462.5,Chaco,969.21
0.05538486734359646,132.2725969725639,0.16193907631837537,0.001254984054138076,22077,LIBERTAD,0.004475605783432175,6960.84,Chaco,847.26
0.05547925348795071,162.3864582595708,0.2262022105453887,0.001552931215464435,22056,GRAL. DONOVAN,0.01121337345192501,9161.54,Chaco,1371.27
0.018889299711602456,106.64425024437384,0.20521481919692375,0.001634405976886648,22154,SGTO. CABRAL,0.010633484668901082,10142.25,Chaco,853.74
0.0621111589831969,143.88980943616448,0.13919754416199914,0.002791198359173432,22119,PCIA. DE LA PLAZA,0.0054583434579391545,5756.08,Chaco,744.12
0.027226918075422622,112.65316895187617,0.10442875719858814,0.0009356150473230397,22014,BERMEJO,0.0045680028781066055,16364.32,Chaco,1285.2
0.020346492098128676,179.69530733246307,0.2222455861932156,0.001285926735818854,22084,LIB.GRAL. SAN MARTIN,0.0041670537261978054,50813.28,Chaco,3234.33
0.04105987611837578,131.00107988319945,0.1161080523055747,0.0029068462667599477,22161,TAPENAGA,0.006267887262701137,3894.04,Chaco,578.24
0.04818954526136847,192.95124223251472,0.09341946451338717,0.0017402064693389037,22147,SAN LORENZO,0.007766210689611636,14588.6,Chaco,950.04
0.029638781970984133,229.9192036478961,0.1134875987883481,0.0006111929659220784,22098,MAYOR L.J. FONTANA,0.0040005357769445134,35564.67,Chaco,2602.3599999999997
0.037008695652173906,326.45366256949643,0.1328304347826087,0.001054054646811466,22112,O HIGGINS,0.003076700050152387,10304.0,Chaco,2177.51
0.0283358244733354,181.55137785613516,0.15727741899094727,0.00124344966513495,22021,CTE. FERNANDEZ,0.002390507883360214,84392.42,Chaco,8496.9
0.03335385459963924,115.01245290910228,0.20321661046192457,0.0019302257658607904,22133,QUITILIPI,0.009738075935874259,20146.58,Chaco,1626.3
0.040092413978735815,114.1019264213868,0.12843120541922748,0.0025249354593368167,22168,25 DE MAYO,0.008290832851553727,25634.65,Chaco,1250.4
0.04832444583856127,105.41523557800848,0.1731696988707654,0.0011428613647677817,22091,MAIPU,0.006654635794850374,11476.8,Chaco,1114.52
0.03091952619367444,270.7230712267192,0.14890707046037369,0.0007919531905001513,22070,INDEPENDENCIA,0.006484116747219989,13593.74,Chaco,1198.43
0.0510307456708682,150.46153744804218,0.1741453645894687,0.001170897247150869,22049,GRAL. BELGRANO,0.007169938698602855,6451.64,Chaco,1085.76
0.030910734463276836,308.755331036752,0.0633206779661017,0.0008647623965016437,22105,9 DE JULIO,0.0026428693466117653,26992.5,Chaco,1804.92
0.06418286871072497,306.99514588135213,0.13895871114672514,0.0010676064569655093,22028,CHACABUCO,0.004456096516029951,19680.13,Chaco,3323.59
0.051529357159433756,145.84412612253513,0.12114179624042704,0.0009302740097054629,22036,12 DE OCTUBRE,0.0031698225515889846,23440.96,Chaco,2334.15
0.08022490400438838,296.7647695338149,0.1227756445419638,0.001397740037173569,22039,2 DE ABRIL,0.005636787690896689,6781.5599999999995,Chaco,676.35
0.06501272264631044,336.5169727366976,0.07066263782866837,0.0007521908863659418,22043,FRAY SANTA MARIA DE ORO,0.0030889972400094676,8488.8,Chaco,1645.8
0.02976523517382413,253.94176100729914,0.1232719836400818,0.0008376920722144856,22007,ALTE. BROWN,0.006451479242726486,26895.0,Chaco,1589.28
0.014450166616176915,249.4027801319885,0.1393140336261739,0.0010139221377811986,22063,GRAL. GUEMES,0.0060119618522555774,60738.4,Chaco,2620.8
0.05366383943403233,895.3551653848594,0.06685835173640291,0.0003917439844659115,26077,RAWSON,0.0017168605927897341,84940.54,Chubut,13216.65
0.15135029060057453,1020.5586176051227,0.052620081501770326,0.00019989052709065678,26007,BIEDMA,0.000892844354338267,46104.52,Chubut,10023.78
0.0996414342629482,118.03579799537391,0.1790438247011952,0.002213099792066793,26105,TELSEN,0.008577906170801522,1009.02,Chubut,310.5
0.09372609028309106,168.6914493174557,0.117061973986228,0.0016124113053776119,26049,GASTRE,0.0066915069173170885,1097.88,Chubut,262.2
0.18201598671234298,633.5393279539304,0.05433042665836188,0.0004737669577188841,26014,CUSHAMEN,0.0015029848313840462,22155.9,Chubut,6106.1
0.11907523420886258,504.3818804347826,0.06500373584688775,0.0005454200689423278,26035,FUTALEUFU,0.0014988643115972364,42105.58,Chubut,8301.8
0.10113542526837324,275.16709903736336,0.06465730800990915,0.0013896101726466924,26056,LANGUINEO,0.005349476754850424,2688.42,Chubut,780.83
0.1293878453038674,365.7941939201845,0.06511602209944752,0.0006271285980281433,26098,TEHUELCHES,0.00244071670583926,5022.75,Chubut,1302.5
0.1298918918918919,128.4533806426178,0.18706081081081083,0.0014127693571950332,26070,PASO DE INDIOS,0.012784404674945217,1746.4,Chubut,271.91999999999996
0.25810593900481543,91.91146820027065,0.18351524879614767,0.00260848841493421,26063,MARTIRES,0.006168979901012291,859.74,Chubut,182.49
0.17056000000000002,268.8512145748988,0.108,0.0013721343999999998,26028,FLORENTINO AMEGHINO,0.0035852544000000005,1625.0,Chubut,648.52
0.10817722411564226,373.0160479130059,0.13458690797978615,0.000878246396724471,26042,GAIMAN,0.0018315565880407771,10551.16,Chubut,1525.5
0.09389130434782608,396.2673666688008,0.08935652173913045,0.0009300538752362949,26084,RIO SENGUER,0.0024801436672967866,5704.0,Chubut,1515.52
0.10204172214824679,366.2947762756409,0.04955059920106525,0.0006302301177952994,26091,SARMIENTO,0.0026093738210472045,6308.4,Chubut,1420.65
0.09407030897527324,419.3878214944073,0.07340658700935805,0.0005579561160507388,26021,ESCALANTE,0.0022508998869739203,89324.3,Chubut,21927.48
0.03352109771870958,346.185317630941,0.08767653288844733,0.0010815016724630068,30070,LA PAZ,0.00232938821761263,62949.46,Entre Rios,5246.85
0.07020971595434032,484.0137203386914,0.09534377488717813,0.00038015451270936065,30021,DIAMANTE,0.0016631759931034528,32396.2,Entre Rios,3557.92
0.06543826153365502,223.3647641961601,0.14847571770750165,0.0012213206544986904,30105,VICTORIA,0.004333718451446967,21893.32,Entre Rios,3526.8
0.029703602080209297,419.47609407625333,0.07241808378266282,0.0005220798112041867,30077,NOGOYA,0.0035472820048941998,41372.76,Entre Rios,2396.79
0.04132954192453822,367.8352367095797,0.0691500394274654,0.0005921129306379138,30049,GUALEGUAY,0.002547879883351023,52311.25,Entre Rios,4271.1
0.034156862745098035,467.63768591545136,0.06822975778546712,0.0006158614001269142,30091,TALA,0.0019160132448392889,29911.5,Entre Rios,2057.32
0.03902444553595043,644.7653280289715,0.06166622586617297,0.0005608242011173282,30098,URUGUAY,0.00220824529189948,71460.9,Entre Rios,11191.95
0.05261761281928371,323.00845759632955,0.04964733273984797,0.00035246755099608185,30056,GUALEGUAYCHU,0.0016021252318003721,61332.600000000006,Entre Rios,8554.56
0.0906823006165976,284.8108438175981,0.15343778429192356,0.0008637311582052903,30063,ISLAS DEL IBICUY,0.005266653403690794,11278.02,Entre Rios,1184.04
0.02490204395429602,366.0797266964234,0.11952890962593779,0.0007106375497699519,30113,VILLAGUAY,0.0025120211061635507,23009.809999999998,Entre Rios,4711.2
0.03498625194009155,342.01174671478617,0.07476234370937626,0.0007481468179319052,30015,CONCORDIA,0.0022639573273069828,81233.28,Entre Rios,11417.52
0.05548297840802411,173.9904942125942,0.07699293443351944,0.0013431768273182117,30035,FEDERAL,0.0049795823842041015,15179.25,Entre Rios,1248.6
0.06910114643466948,343.9856521089082,0.08546385885031302,0.0007778667463586069,30008,COLON,0.002619004584862072,58051.28,Entre Rios,4505.76
0.02207306711979609,103.12517460776199,0.18204418011894646,0.0010055740549717793,30042,FELICIANO,0.005604838994924672,13417.8,Entre Rios,692.25
0.04018077508037657,388.02155321507473,0.0724848391506074,0.0004950755915703522,30028,FEDERACION,0.0025627442387171173,33243.520000000004,Entre Rios,5098.88
0.07178751877645773,193.742570525365,0.07721425645227364,0.0011156556837966663,30088,SAN SALVADOR,0.003065924016540457,18161.04,Entre Rios,1413.72
0.035422575487003505,275.8884685024437,0.09604088611879501,0.0012086405851248778,34014,FORMOSA,0.0031806331187496785,239895.6,Formosa,7674.54
0.0627346066331104,144.02523736922856,0.0744673515824312,0.0009324754636974037,34021,LAISHI,0.0038396048505187214,11457.369999999999,Formosa,1639.17
0.028684388411173822,241.50094297477662,0.15880857686321978,0.0010050685393197454,34049,PILCOMAYO,0.007104320086150529,54707.18,Formosa,3256.5299999999997
0.040229951372290455,248.54057150805997,0.16110277754883376,0.0008097269543514896,34056,PIRANE,0.005182252507849533,29119.2,Formosa,2558.4
0.037393511214760956,134.82674345954993,0.08923451539886137,0.001237699552166852,34042,PILAGAS,0.008647394204472407,18806.91,Formosa,1551.2
0.033202080095177784,252.36762575333984,0.12422082781647574,0.0009147369806681515,34035,PATIÑO,0.005239974802839781,67225.77,Formosa,3666.2
0.04567725080385852,131.74460975690863,0.09248392282958198,0.0011856272547940724,34007,BERMEJO,0.008950650824924265,12937.6,Formosa,1053.8
0.05797392563978755,167.74088756045893,0.17421921776919364,0.0013818932483974857,34028,MATACOS,0.009673252738782398,6937.85,Formosa,896.28
0.034411091325362506,57.915173045210196,0.17417959806664973,0.002387111921293548,34063,RAMON LISTA,0.00930671483238497,4874.4400000000005,Formosa,928.76
0.028271732397274416,416.31442659376864,0.08658995007332816,0.0009432173734953568,38021,DR.MANUEL BELGRANO,0.0039398106220337025,237985.02000000002,Jujuy,15016.08
0.04031484999089278,287.3306875599075,0.10036949337774193,0.0012278535334881086,38042,PALPALA,0.0036835606004643256,28438.940000000002,Jujuy,2389.75
0.06287671232876713,183.3313408825123,0.1693567599761763,0.001383560490961288,38056,SAN ANTONIO,0.00453932206023254,4365.4,Jujuy,513.0
0.03768470588235295,320.75031341748274,0.14406133874239352,0.0014099752395607473,38014,EL CARMEN,0.005472792781702456,51148.75,Jujuy,3550.4
0.043555668364849434,431.1880129330759,0.10738074949689072,0.0005127693566804154,38063,SAN PEDRO,0.002299692872384894,45228.74,Jujuy,3644.76
0.03441003172684696,199.3864529896741,0.1417736818250491,0.0007402709551568375,38070,SANTA BARBARA,0.00296108382062735,11649.44,Jujuy,1329.68
0.02187890787828262,415.26480877751476,0.06304866611087953,0.0007394077068652047,38035,LEDESMA,0.0036887305825634925,73121.52,Jujuy,5276.4
0.05059829059829061,52.381407601290775,0.4014041514041514,0.007160937767368375,38105,VALLE GRANDE,0.020327823339626353,2088.45,Jujuy,220.88
0.0628712871287129,42.17495319371872,0.1497878359264498,0.004756377537127325,38098,TUMBAYA,0.020637841517027033,3096.66,Jujuy,612.48
0.06660106322814162,136.1144590183522,0.24902160389096256,0.0029691922732875044,38094,TILCARA,0.008655950356024589,11316.48,Jujuy,794.31
0.027639797739440808,96.66788930017505,0.18563726948245093,0.0026689317607717,38028,HUMAHUACA,0.015020499676901194,11565.279999999999,Jujuy,1193.27
0.014575569358178053,48.351740155375154,0.13370382477933965,0.004745951216287091,38007,COCHINOCA,0.01829096527152981,7066.29,Jujuy,714.84
0.029565217391304348,17.357191396678463,0.5797628458498023,0.013628356949803933,38049,RINCONADA,0.039689600941534266,1366.2,Jujuy,104.96000000000001
0.023344709897610918,37.88819350256376,0.25483503981797495,0.009681116096896515,38077,SANTA CATALINA,0.03990689078110014,1634.94,Jujuy,226.24
0.03589887640449438,121.74208269290179,0.24098510582701854,0.0013676454050815072,38112,YAVI,0.010029399637264387,20665.8,Jujuy,1789.76
0.029599689078896235,13.387602879221934,0.638841818888457,0.019137107838598358,38084,SUSQUES,0.05458781580190351,1929.75,Jujuy,102.5
0.06402409912470161,490.5862153002861,0.0792542912356485,0.00048121001495221246,42007,ATREUCO,0.0019248400598088499,6069.93,La Pampa,2519.88
0.09624006989871585,406.41233942071597,0.10953312716277894,0.0004978933471567856,42021,CAPITAL,0.0013451855344235966,57408.78,La Pampa,17555.21
0.24822672577580748,330.0169715366241,0.07720709309689676,0.0011284268147363215,42014,CALEU CALEU,0.005037619708644293,1247.41,La Pampa,737.8
0.11276350288411117,357.23606837273655,0.06442055584687992,0.0010189340669268757,42028,CATRILO,0.0024454417606245018,7666.14,La Pampa,1180.26
0.14033898305084747,145.11788404273946,0.19166949152542373,0.002870080436656134,42049,CHALILEO,0.010086282677391558,1770.0,La Pampa,453.6
0.10887042166820562,359.6495933156671,0.0525700215450908,0.0005138334741221288,42056,CHAPALEUFU,0.0029895765767105676,13060.98,La Pampa,1331.2
0.058387395736793316,76.84380553640037,0.3448007414272475,0.006059694685206929,42063,CHICAL-CO,0.02005366586471358,679.77,La Pampa,189.2
0.05171078114912847,391.1402547121752,0.045710135571336345,0.0003882878281391898,42035,CONHELO,0.0014764524823070429,10037.52,La Pampa,1760.4
0.26208556149732615,92.74248864668488,0.19941176470588237,0.0012987574709027996,42042,CURACO,0.00661185621550516,1017.28,La Pampa,393.03999999999996
0.1276694030889105,379.8484483365788,0.06944622234590234,0.0002990666422292202,42070,GUATRACHE,0.002336458142415782,5533.99,La Pampa,1186.6
0.0848343023255814,418.94681570468214,0.05510174418604652,0.00032396713595186574,42077,HUCAL,0.001699499729583558,5572.8,La Pampa,2003.24
0.11256473153447807,167.53947692712217,0.12449577541564458,0.000667454632490244,42098,LOVENTUE,0.00550914934753852,6237.3,La Pampa,1715.85
0.3893617021276596,46.100869565217394,0.16595744680851066,0.002970659800814848,42084,LIHUEL CALEL,0.018181869624264373,112.8,La Pampa,133.0
0.12826196473551638,48.96590291262136,0.18705289672544081,0.004084474871358868,42091,LIMAY MAHUIDA,0.010064146083028252,258.05,La Pampa,85.4
0.06170457390868876,383.79246423703574,0.04619313913696686,0.00027866623231545827,42105,MARACO,0.002013588259311698,61342.72,La Pampa,6369.05
0.07784918594687232,141.39715316371098,0.07988574692944872,0.001481465470223915,42112,PUELEN,0.005658529765968036,4201.2,La Pampa,1887.6
0.0877819288778193,614.7757834025042,0.09710253217102532,0.0006038786985806439,42119,QUEMU QUEMU,0.002481392470531373,9684.18,La Pampa,1249.5
0.06258440046565775,388.99574004948687,0.0660069848661234,0.0009483394341363987,42126,RANCUL,0.004430896851931409,7301.5,La Pampa,1412.88
0.11607558778290486,612.7961197071975,0.0902951732220025,0.0005776798981187189,42133,REALICO,0.001194524535092944,18021.96,La Pampa,2077.92
0.11703740157480316,466.4512511065209,0.11686351706036743,0.0007263352798310537,42140,TOAY,0.00189365983670239,7315.2,La Pampa,2042.81
0.15252332296756999,370.74395108928513,0.07121723678365172,0.0009730435221938973,42147,TRENEL,0.003802354686726922,5897.62,La Pampa,649.04
0.1246331003811944,279.84468301363114,0.09314961880559085,0.0007890984299646092,42154,UTRACAN,0.001878184692808326,9821.76,La Pampa,3201.0
0.061355245930175356,313.8980871364453,0.09203706927216171,0.0008410373010181626,46014,CAPITAL,0.00496212007600716,178376.85,La Rioja,16285.2
0.09035003977724741,71.56644523024359,0.30847255369928406,0.002946911772989318,46126,SANAGASTA,0.012743402261575429,3494.46,La Rioja,370.79999999999995
0.11465116279069767,55.564959647835664,0.1734593023255814,0.002890310746518388,46021,CASTRO BARROS,0.02153875405624662,2807.04,La Rioja,804.96
0.04985611510791368,91.37595801202959,0.3104271582733814,0.0022464880748279074,46007,ARAUCO,0.010027801841260803,14678.4,La Rioja,958.65
0.054013944223107575,40.32946422465088,0.20653386454183267,0.002860811622919564,46119,SAN BLAS DE LOS SAUCES,0.022564148011759943,3674.64,La Rioja,307.32
0.039351622401679255,245.7578324078025,0.096710008454564,0.0010382171648414137,46042,CHILECITO,0.0057422381462833745,27440.8,La Rioja,4396.86
0.038817005545286505,126.15112809961329,0.14190388170055449,0.0031390920237138473,46049,FAMATINA,0.008370912063236927,5550.66,La Rioja,750.89
0.048385935437417496,33.39956895334531,0.20247809912396494,0.00584738085311244,46028,CNEL. FELIPE VARELA,0.02580272820897235,10832.9,La Rioja,1133.73
0.13290806754221388,49.18970309900166,0.3192870544090056,0.003272026254683098,46077,GRAL. LAMADRID,0.00992890725559009,1982.76,La Rioja,228.62
0.07416772018541931,70.64520135491159,0.19190897597977247,0.0067378957221544715,46098,VINCHINA,0.02199724779879842,1566.1799999999998,La Rioja,225.0
0.07707586206896551,91.56976744186045,0.2913379310344828,0.0022933333333333334,46105,INDEPENDENCIA,0.020181333333333336,1435.5,La Rioja,230.39999999999998
0.06393554162936436,88.87266722328117,0.14051924798567592,0.0014889279700309936,46035,CHAMICAL,0.01200031498233935,14521.0,La Rioja,1490.72
0.08138107416879797,42.20363692132419,0.20903665814151745,0.005307599447355205,46056,ANGEL VICENTE PEÑALOZA,0.014098311032037259,3096.7200000000003,La Rioja,436.92
0.07709133411253966,109.56230585402668,0.2137518784438137,0.003394187417846616,46063,GRAL. BELGRANO,0.014771503642468473,4910.98,La Rioja,614.4
0.060598316295850885,41.9444302690743,0.4074443776307877,0.006535432672263827,46070,JUAN FACUNDO QUIROGA,0.02431788901307471,4656.4,La Rioja,284.49
0.05765750670241287,94.1009117372967,0.2499731903485254,0.003331529888628539,46084,GRAL.ORTIZ DE OCAMPO,0.008065809204048039,6803.52,La Rioja,713.64
0.033076247364722415,105.36438264073094,0.13664617006324664,0.002455526179868529,46112,ROSARIO VERA PEÑALOZA,0.015168313617415722,9221.04,La Rioja,1179.2
0.054045801526717556,54.57097686349051,0.16693340352724406,0.004678310975422591,46091,GRAL. SAN MARTIN,0.0164079892181488,3343.12,La Rioja,496.25
0.09439814722383054,970.8642911627087,0.06506179248108292,0.00024308237737054477,50007,CAPITAL,0.0007292471321116345,111193.14,Mendoza,19568.56
0.09152394737185254,438.46402093696634,0.04862007589093612,0.0005069971294907179,50021,GODOY CRUZ,0.0012826594045235256,193256.28,Mendoza,29794.7
0.042406349327373485,715.92208567997,0.046483900328331315,0.0002702808083036259,50028,GUAYMALLEN,0.0023424336719647565,279099.17,Mendoza,23227.1
0.08434600815549252,379.8650418403735,0.05063608701951937,0.0007407894094088541,50049,LAS HERAS,0.0028304789374427866,100003.76999999999,Mendoza,11665.08
0.03204344181639272,206.6306561697737,0.1765279346914975,0.0011849645378797236,50056,LAVALLE,0.004511431252650514,34847.53,Mendoza,3939.9
0.04173211893064506,708.8274341282712,0.09708136604351433,0.0006024033205277001,50070,MAIPU,0.0025281188533621507,144191.6,Mendoza,17174.1
0.09731968635226786,467.05037148126644,0.04067326108019198,0.0004978049782138447,50063,LUJAN,0.0020875692634774136,63021.020000000004,Mendoza,10698.0
0.041391572549553224,471.12090968665916,0.08966117839161793,0.0008106199324797542,50126,TUPUNGATO,0.0025598524183571185,24251.7,Mendoza,3849.1
0.03184385666503042,253.76425232142893,0.04851425244580417,0.0005610522313428984,50098,SAN MARTIN,0.0029570752899013937,71831.18,Mendoza,11086.72
0.04606976375455842,305.245305563925,0.07311431742508324,0.0004560266692483122,50035,JUNIN,0.0021376250121014633,39418.75,Mendoza,4761.0
0.02827388135347782,452.67587238314843,0.06215764830815272,0.00044855494270332316,50084,RIVADAVIA,0.0023440613134818825,47649.1,Mendoza,5364.92
0.079993900410336,290.44926073425006,0.06231756681823223,0.0009697046543964143,50119,TUNUYAN,0.0025464000084913477,47609.76,Mendoza,3824.52
0.035809450038729665,363.64480610475346,0.07336948102246324,0.001037619659804259,50091,SAN CARLOS,0.004895436343691889,31138.920000000002,Mendoza,3223.45
0.07352204859690747,264.58055864183746,0.14097357440890124,0.0006607628349468431,50112,SANTA ROSA,0.0031464896902230633,9411.71,Mendoza,986.58
0.03930342092216163,116.20497836971595,0.17283093703520083,0.0014986449155898213,50042,LA PAZ,0.00969493747863045,6051.0,Mendoza,1211.48
0.03280265653270165,259.05511628926854,0.13091917775371847,0.0010368449920906922,50105,SAN RAFAEL,0.004116884527418926,114227.09,Mendoza,13057.66
0.038706928492034096,164.608623114314,0.08275101889588737,0.001430210614400844,50077,MALARGUE,0.0027495521889256535,24614.88,Mendoza,1974.48
0.04048480463096961,244.24170995841163,0.12507959479015918,0.0009063767201666526,50014,GRAL. ALVEAR,0.0023014087155535873,40962.48,Mendoza,5572.74
0.05125959583301331,349.0680749978286,0.11444029865830144,0.0005341365004552759,54028,CAPITAL,0.0021365460018211036,331479.82,Misiones,24091.6
0.06550495824634656,254.63990653172425,0.07078418580375782,0.0005522504383360675,54007,APOSTOLES,0.0019439215429429575,22072.32,Misiones,5110.88
0.05537836465210767,317.4141988738487,0.13030218384966988,0.0014021111896663392,54021,CANDELARIA,0.004592422157457864,13979.900000000001,Misiones,2132.13
0.045068193442063975,307.9045445101242,0.06013894413820537,0.0005865454187671523,54070,L.N.ALEM,0.0035751339810569283,29562.96,Misiones,2876.16
0.08904671809052539,239.22757084389002,0.07326444476786492,0.0018204423447671471,54035,C.DE LA SIERRA,0.006955720003886413,5840.35,Misiones,1498.5
0.0761688181392549,219.31121763148613,0.16477827570062203,0.0018697174017291574,54105,SAN JAVIER,0.004519604654539546,17642.18,Misiones,1592.36
0.03618188945511564,291.30010952324494,0.14317179537436298,0.0012933397128363814,54098,SAN IGNACIO,0.004342600495655003,24489.6,Misiones,5909.4
0.038964325908864866,329.717875930706,0.09927866621299761,0.0008684697461176767,54091,OBERA,0.001862804672832119,105451.32,Misiones,6221.18
0.0522733759384501,176.9943796153027,0.12549481913507476,0.0011695286621525188,54077,L.G.SAN MARTIN,0.0026780511394217097,36746.76,Misiones,2370.48
0.06162415122040741,312.34746199123356,0.05984453241748157,0.0004101201885341245,54014,CAINGUAS,0.002958243982869095,33184.41,Misiones,3808.8
0.07114175922514081,274.75780068057384,0.06715534031689215,0.0007659473160678836,54119,25 DE MAYO,0.001958816086993276,13677.84,Misiones,2157.84
0.034404214862937724,266.2713633938633,0.15839011250198065,0.0011401902034464024,54084,MONTECARLO,0.003679704747486117,17923.24,Misiones,1639.68
0.06096510696716623,362.1403383864677,0.07055943255920376,0.0005137511077306494,54056,GUARANI,0.0025940219865744265,52446.0,Misiones,7124.7
0.030803668923345708,256.57000551115374,0.09933609958506223,0.0012218887370541505,54042,ELDORADO,0.005487780994488817,43958.4,Misiones,4186.84
0.049543668782109404,153.33253231060866,0.16576609247506802,0.0014175074051455039,54112,SAN PEDRO,0.004807199026145622,12574.2,Misiones,3437.2
0.036688144777519194,161.57503961757396,0.14666018270867343,0.0012025372264174068,54063,IGUAZU,0.003483211276519385,69093.6,Misiones,7476.12
0.0551043253391902,238.04707528855963,0.08456835169506535,0.0008091886857526007,54049,GRAL.MANUEL BELGRANO,0.003208609049592921,21171.75,Misiones,4704.18
0.04763504967123948,438.4543004905672,0.04246697585604923,0.0003454750012270864,58035,CONFLUENCIA,0.0022143698873832527,186541.55,Neuquén,42370.48
0.07580665246600032,523.8573413202058,0.04801572996886777,0.0006860169203591125,58112,ZAPALA,0.0032212968434253975,41195.25,Neuquén,3436.44
0.16426903553299493,170.88735207691553,0.07578426395939086,0.0005804993687031359,58014,AÑELO,0.004208620423097735,6225.2,Neuquén,2450.88
0.07045649562382014,182.53991500357444,0.10408100223099366,0.0011633072141829465,58091,PEHUENCHES,0.002717213930938269,12411.51,Neuquén,2050.2
0.08451588691518638,126.27103167715339,0.14463347510632976,0.0008347124324562745,58042,CHOS MALAL,0.00323114489983074,13310.01,Neuquén,1849.26
0.05972099853157122,134.78377703755672,0.21978789362049278,0.0020132244841631784,58077,MINAS,0.011333708207140856,6925.77,Neuquén,899.36
0.06459724950884085,96.65005320738923,0.22477897838899802,0.0012912564024378475,58084,ÑORQUIN,0.005326432660056122,5008.56,Neuquén,1002.3199999999999
0.05434285714285714,90.306345334741,0.24714285714285714,0.0020928761904761904,58063,LONCOPUE,0.013952507936507937,7140.0,Neuquén,425.32
0.11614930875576035,151.38552307469394,0.09416774193548387,0.0015828792286945994,58105,PICUNCHES,0.003283008770625837,7269.5,Neuquén,766.74
0.17277734067663258,218.13500082721842,0.09756254917387884,0.0009032250636203986,58007,ALUMINE,0.006767827237268338,7244.7,Neuquén,1654.24
0.06196231319038337,100.41924807943184,0.2199805068226121,0.0017476729148696592,58021,CATAN LIL,0.016195102344458836,1261.98,Neuquén,248.67000000000002
0.09067578659370724,134.72967813508532,0.13514363885088918,0.0014547648499796952,58098,PICUN LEUFU,0.0033771326874528643,4459.1,Neuquén,1167.24
0.08901378005944338,242.70034994462907,0.10245879492029182,0.0014767181014850917,58028,COLLON CURA,0.0034808355249291447,4478.21,Neuquén,829.8
0.07542688910696761,305.5653371238096,0.0664147857376513,0.0005375282469734087,58049,HUILICHES,0.003563885911440135,14673.6,Neuquén,2917.6
0.24943072415236503,824.9640083257846,0.09140602762662203,0.0005727522597730181,58056,LACAR,0.0010473184178706617,16723.0,Neuquén,4897.200000000001
0.3751308026271847,552.0181948476658,0.07632416787264834,0.0002302460338921878,58070,LOS LAGOS,0.0009655478840640135,6108.4400000000005,Neuquén,2895.2
0.11660802137954769,934.8460059403951,0.036617334440102844,0.0002205978296848483,62007,ADOLFO ALSINA,0.0010153543941658772,58283.74,Rio Negro,11388.3
0.14658775981524247,270.8330396765982,0.0847421093148576,0.00037726194751573573,62028,CONESA,0.0015585247667863182,3585.24,Rio Negro,981.75
0.07721346040313738,384.2582747596677,0.0806915745972843,0.0002778079406793939,62077,SAN ANTONIO,0.0018890939966198783,26559.68,Rio Negro,4359.12
0.13255796178343948,209.62626793666504,0.05549044585987261,0.000550980567162968,62084,VALCHETA,0.004995557142277576,3375.5,Rio Negro,775.17
0.07512195121951219,295.16659577480743,0.08100309172105805,0.0007188313414769856,62049,9 DE JULIO,0.003208696422824805,3318.54,Rio Negro,726.88
0.09873665637406262,353.8281123844455,0.07941861490957211,0.000404151041126506,62091,25 DE MAYO,0.001989666664007414,8047.85,Rio Negro,1425.06
0.16908263836239576,154.19941333708493,0.14874905231235783,0.0025535116605096917,62056,ÑORQUINCO,0.010214046642038763,1173.91,Rio Negro,251.85
0.2757420464316423,674.5638733086619,0.07396388650042991,0.0006597596130031075,62070,PILCANIYEU,0.0013502057196342668,7792.1,Rio Negro,1224.5
0.08193602169437052,1242.944890137801,0.05923738261437252,0.0003118400526647871,62021,BARILOCHE,0.0009191075236435831,68699.85,Rio Negro,29815.5
0.10778344720228317,674.1609428967604,0.047600103779296035,0.0003025983663833224,62063,PICHI MAHUIDA,0.0025619995020454635,8556.619999999999,Rio Negro,2132.65
0.10153656303491104,720.3803158403246,0.09620317662513435,0.0003831309572611595,62014,AVELLANEDA,0.0025286643179236526,20348.010000000002,Rio Negro,5226.75
0.079752796979779,713.8479160540301,0.08819657294557744,0.0006096536674165488,62042,GENERAL ROCA,0.002097925855521653,190269.52000000002,Rio Negro,17718.35
0.16293323604523893,259.07175862068954,0.08726742064939803,0.0006646807082207684,62035,EL CUY,0.0039564327870283845,3727.76,Rio Negro,649.89
0.05345422185537227,327.7590939337847,0.0988095231953777,0.00043049911539145755,66028,CAPITAL,0.0033933459683797244,492359.95,Salta,45505.37
0.13566254527288624,206.04829758996968,0.067740726863994,0.0006187869615585052,66077,LA CALDERA,0.003135187271896426,9127.98,Salta,2444.22
0.027640607588997713,218.53541401497307,0.08424491232185796,0.0005576899311690033,66049,GÜEMES,0.0022650791050556444,46719.74,Salta,2312.88
0.03517740355754953,182.4667513928132,0.11150358598464503,0.0006839602231495393,66112,METAN,0.003963461805943484,40196.770000000004,Salta,4188.36
0.028705697033342085,176.21823892385237,0.09654287691830354,0.0009380413798791259,66007,ANTA,0.006665030857035895,54887.69,Salta,2802.24
0.03512697191227395,148.2613238646242,0.25445363601385146,0.002610255931299827,66133,RIVADAVIA,0.012181194346065858,17257.36,Salta,994.8399999999999
0.026085639264794992,217.5812023684162,0.1090952332862048,0.0011176287167870662,66126,ORAN,0.002643151125832186,132686.8,Salta,4716.18
0.02507457114923118,222.44320049714582,0.06780623944538264,0.0010557751348439772,66056,SAN MARTIN,0.004673103055866785,84382.5,Salta,10615.0
0.025832766825288928,67.82148802200373,0.18487423521414004,0.0030805133607834916,66070,IRUYA,0.02343210162956623,3089.1000000000004,Salta,275.44
0.029659090909090913,63.14841183530444,0.29637396694214874,0.004600274045808858,66161,SANTA VICTORIA,0.015246622551823647,9757.44,Salta,732.72
0.09305044035228183,276.04758942371234,0.15446397117694155,0.0015185787380905518,66035,CERRILLOS,0.005332413889478273,19234.6,Salta,4171.05
0.05841199511975855,96.77882297341361,0.10571373531111539,0.0013019377186950683,66042,CHICOANA,0.010053852383256361,10433.91,Salta,2067.08
0.058323914096560625,159.3985514294672,0.20054900694332312,0.0015734145495731016,66098,LA VIÑA,0.008224666963677576,8422.48,Salta,1098.63
0.09821917808219179,102.02113323124043,0.15761152089919217,0.0036168976790683857,66063,GUACHIPAS,0.01340898651752182,3701.1,Salta,326.88
0.05980965685846503,142.97550498398618,0.13342792281498297,0.0007763567613377719,66140,ROS.DE LA FRONTERA,0.004784036259054378,15805.14,Salta,2017.53
0.09263516302104828,152.33129782696298,0.15114940156830375,0.0014297784047465054,66084,LA CANDELARIA,0.009878468978248584,5669.82,Salta,805.2
0.09202235039653929,70.11075476511536,0.21887887527036762,0.0021127286462148,66021,CAFAYATE,0.014441436315898632,15201.52,Salta,1222.86
0.03318374103365827,42.40122638227986,0.23097112378149712,0.0038678126552617403,66154,SAN CARLOS,0.025282287600247474,4023.38,Salta,408.48
0.04287076776347162,48.41832694394212,0.25665236051502144,0.0057297518834386356,66119,MOLINOS,0.03876424731017743,3606.84,Salta,205.2
0.03366535230584605,89.308791216658,0.18004457397565574,0.004064549469932729,66014,CACHI,0.008744939768643144,4783.0599999999995,Salta,381.98
0.04602383069535835,122.07613336338534,0.09446416503645741,0.0019217515622129318,66147,ROSARIO DE LERMA,0.004013069438738769,32332.25,Salta,4228.38
0.03537650602409639,59.098608735844714,0.3279668674698795,0.0032386549208883726,66091,LA POMA,0.02512411090143708,1766.24,Salta,191.88
0.05003116559318513,57.09052286546188,0.3766715146478288,0.0072341253726693954,66105,LOS ANDES,0.01618482286766712,6305.03,Salta,311.95
0.13892159460691306,666.5447831799459,0.08023488759102423,0.0006353661609645641,70028,Capital,0.00226916486058773,110381.31,San Juan,15063.720000000001
0.13605209047292668,345.60364387832817,0.06928085622396794,0.000729158978684606,70098,Santa Lucia,0.0029426773068343026,47038.16,San Juan,8613.54
0.08749490082993389,368.59726163837877,0.05746799831199887,0.001098760197511546,70042,Chimbas,0.003841591209077405,75071.04000000001,San Juan,6907.1
0.08151531537262635,519.7204691721496,0.09691911320334617,0.0004980080934897104,70084,Rivadavia,0.0017172692878955529,75453.6,San Juan,8040.78
0.10088586030664395,196.1878468586388,0.09839863713798976,0.0012712306291821568,70133,Zonda,0.0038432553905507066,2394.96,San Juan,635.2
0.05681584185599561,256.74617171196513,0.10492758597021071,0.0005043892149842127,70077,Rawson,0.003199268735042721,97903.68,San Juan,15181.92
0.061236133122028524,178.92406646792534,0.1367771214522403,0.0006203749008795209,70063,9 de Julio,0.004714849246684359,8259.79,San Juan,1742.3
0.08373442949676133,158.33364286078913,0.1231165919282511,0.0016777861937627863,70091,San Martín,0.0043768335489464,5378.76,San Juan,1695.92
0.09281956622058145,217.44077503099618,0.16251038301799722,0.0012203322949073112,70014,Angaco,0.005049650875478529,8646.33,San Juan,1506.88
0.04369532087825252,165.55191212128366,0.0751007506914263,0.0009984783496725846,70007,Albardón,0.005417031966039767,14527.94,San Juan,3245.2
0.10192743764172336,92.38488059230669,0.18444444444444444,0.0024246391678364467,70112,Ullum,0.0069275404795327055,2222.6400000000003,San Juan,859.52
0.11222542437294147,428.60827414637805,0.07522548771218647,0.0008751580933593832,70070,Pocito,0.0021119517624871064,35996.64,San Juan,6262.84
0.04335056328694499,209.81599874391307,0.199090788601723,0.0017128102821111768,70105,Sarmiento,0.004349048716317075,20673.3,San Juan,2394.27
0.08706835311444165,300.50797469042107,0.12328510785757602,0.0008092131340291895,70126,25 de Mayo,0.00551632615310039,14659.61,San Juan,2080.1
0.04139573773041923,230.8448898059414,0.11905848953877265,0.0006554184505760107,70035,Caucete,0.0023903496432772153,32656.78,San Juan,4418.84
0.12234616768621806,106.46377098985698,0.29697732997481113,0.0038769056944199676,70119,Valle Fértil,0.013431799256258158,5002.2,San Juan,1203.93
0.045675452074222904,92.33234321298562,0.24224086987353743,0.0028722329659527403,70056,Jachal,0.009292518419258865,13876.04,San Juan,2318.8
0.049298216369394895,101.61175191217683,0.31650941823637263,0.002109992160998328,70049,Iglesia,0.018198682388610582,7138.8099999999995,San Juan,1015.0699999999999
0.12611365990824328,208.4100433088399,0.09318336539884564,0.0017262843684882046,70021,Calingasta,0.003659132678504912,5743.45,San Juan,1740.45
0.05383770843120724,206.7654471729942,0.08313256578735673,0.0011679901226337131,74056,Pueyrredon,0.005281346641474181,200449.22999999998,San Luis,26642.39
0.0718837931664535,84.34546944225558,0.20593276082587247,0.0013415065533242958,74021,Pringles,0.009482429883771735,7990.58,San Luis,1909.6
0.0664965528750378,350.45173711270024,0.13408930191808255,0.0010526413794929117,74035,Pedernera,0.0028523185766904705,110258.55,San Luis,8499.61
0.05139675994108984,275.1071091857316,0.12745625920471285,0.0008142283224268556,74028,Chacabuco,0.00362913195138827,21218.75,San Luis,3032.1
0.06532595621842675,68.28650272276033,0.12331970170796246,0.0037825923088883992,74063,San Martin,0.014049628575871198,2826.76,San Luis,583.87
0.10844953173777315,164.80005330673413,0.069957509538675,0.0012492411007708538,74049,Junin,0.004441746136074149,19604.4,San Luis,6449.3
0.052241444626846816,184.54910413065352,0.10096855663593887,0.0021440093240435217,74007,Ayacucho,0.008576037296174087,9661.18,San Luis,1339.5
0.06681638846737482,70.32580084795669,0.18000606980273146,0.0035584379698858576,74014,Belgrano,0.008978212724019698,4415.3,San Luis,684.25
0.08192409532215357,188.24395121301615,0.09537731685789938,0.001771371658166425,74042,Dupuy,0.00484796453813969,10332.96,San Luis,1616.5
0.05073187406150428,615.769494436925,0.05663167018666146,0.0006496749248122718,78014,DESEADO,0.0013199744504122349,64711.270000000004,Santa Cruz,14866.92
0.1329884275017018,657.5080356168372,0.05447787610619469,0.0006419693405024464,78035,LAGO BS AS,0.0012635587019413231,8299.85,Santa Cruz,2846.61
0.24891745431632012,307.2054039378631,0.08000000000000002,0.0003077745338722107,78042,MAGALLANES,0.0012109161988414848,11029.65,Santa Cruz,2770.56
0.18818258190982912,405.7318058302519,0.0779613553626435,0.0005334804836339532,78049,RIO CHICO,0.0021521605835489394,4392.33,Santa Cruz,2150.04
0.20301624129930393,378.47258827041026,0.1032744880460002,0.0006711186169671094,78007,CORPEN AIKE,0.0029381255986906524,13878.2,Santa Cruz,4145.4
0.28474468356042276,375.21709083007386,0.06381764930599772,0.0005708695185662682,78028,LAGO ARGENTINO,0.0020819947147710954,19004.26,Santa Cruz,4827.18
0.08502966079130946,399.04996426668407,0.04859683689227328,0.00035835111591297743,78021,GUER AIKE,0.002068663260043097,131453.0,Santa Cruz,11387.4
0.03970261446873885,543.7972240487097,0.04415434418808811,0.00041950379647316124,82007,BELGRANO,0.0009128402611255988,22599.62,Santa Fe,3977.84
0.05787145858995725,1713.9956233243684,0.048302586769074715,0.0002757591638905559,82014,CASEROS,0.0005754973855107253,43473.15,Santa Fe,7969.6
0.0374557350115155,733.9857315987349,0.03806891695638779,0.0003075672867758361,82021,CASTELLANOS,0.0011348994457775039,169059.12,Santa Fe,20141.739999999998
0.06643623794797163,850.8140680334765,0.09241684275338996,0.00030118213794029264,82028,CONSTITUCION,0.0019833945669238784,96472.35,Santa Fe,7808.639999999999
0.03740592521801458,351.66531974086956,0.05501493250507705,0.0010390561124117982,82035,GARAY,0.004514519660823675,19420.72,Santa Fe,2374.6800000000003
0.0610503417472229,607.1062061132722,0.03859568278649486,0.0003304199462631957,82042,GENERAL LOPEZ,0.0008064486824050878,135178.86,Santa Fe,25070.85
0.016186441957746267,387.47320070899866,0.07052620849001043,0.0010405880955437032,82049,GENERAL OBLIGADO,0.004261456010321832,79462.79999999999,Santa Fe,4097.0
0.04638522716884542,1127.4874131668694,0.07402212268031813,0.00041286491943401003,82056,IRIONDO,0.001614208707561543,60711.45,Santa Fe,9376.29
0.04425644382417962,629.0378873419477,0.03203275327594511,0.00020944684358635484,82070,LAS COLONIAS,0.0011334770358790967,106879.08,Santa Fe,5857.52
0.03112047321162603,243.54938549070008,0.07261245159368483,0.0006121961658806704,82077,NUEVE DE JULIO,0.0026902141373911148,31723.65,Santa Fe,2985.71
0.050153748296228984,452.03281120602134,0.0776258064516129,0.0006334717146660651,82091,SAN CRISTOBAL,0.0011200514375255062,44570.25,Santa Fe,3806.64
0.02489611932959062,324.72464529176256,0.08901282629184937,0.0009030728164673709,82098,SAN JAVIER,0.003357306000043402,30991.81,Santa Fe,2286.84
0.03583602254304023,356.47839752899006,0.10426001698448237,0.0005970908797711655,82105,SAN JERONIMO,0.0012774967660220287,73832.1,Santa Fe,4554.24
0.042798924286305336,380.8566230102624,0.07841125362019032,0.0006378384550068706,82112,SAN JUSTO,0.00253061110604352,42635.880000000005,Santa Fe,2944.08
0.056810044677245417,516.0083534690951,0.056057926359574795,0.0003060996957473867,82119,SAN LORENZO,0.0010581224050526948,92172.20000000001,Santa Fe,20941.739999999998
0.036040758037747506,625.9853468878808,0.03855031070284457,0.0003829961854409689,82126,SAN MARTIN,0.00127479022307359,39381.68,Santa Fe,7254.96
0.04108241651251095,384.05475759966026,0.09309463538117028,0.0010623485113164524,82133,VERA,0.004218148500815325,26293.760000000002,Santa Fe,3852.36
0.037481393998252864,180.4776302729635,0.1559633882688244,0.001391169640360755,86049,CAPITAL,0.003173246452393127,225397.7,Santiago del Estero,18832.440000000002
0.01724851882525323,123.28897926210006,0.21010511562718984,0.0015840831935578902,86028,AVELLANEDA,0.011868051862846417,17266.7,Santiago del Estero,1152.3
0.03180301826846704,167.5671526433498,0.1963780778395552,0.0022759532162709667,86007,AGUIRRE,0.008862118718223231,4028.8,Santiago del Estero,742.56
0.018191546281433928,83.8188641177001,0.10914927768860354,0.0024564875958098314,86014,ALBERDI,0.006437691630398179,7961.9400000000005,Santiago del Estero,660.38
0.014028883329542871,69.09996941247856,0.24691835342278826,0.003795949581891306,86021,ATAMISQUI,0.010081046430596582,10904.56,Santiago del Estero,380.98
0.02377995736422993,113.69259709346463,0.10415498006825548,0.0008852819143295448,86035,BANDA,0.004527999299521606,79501.32,Santiago del Estero,7884.56
0.04464646464646464,120.90406712408034,0.14424242424242423,0.001731744886506791,86042,BELGRANO,0.007204058727868251,6098.4,Santiago del Estero,1456.0
0.015453508271534513,152.32264730897526,0.19454026863039983,0.0026676926063118433,86056,COPO,0.0071138469501649156,25260.73,Santiago del Estero,919.64
0.04432127277392865,172.97150137458715,0.07140877598152426,0.0007631314924771381,86063,CHOYA,0.00585067477565806,20186.46,Santiago del Estero,2231.0
0.02220910092898756,55.89067547276963,0.10959061565107857,0.0019099787056967928,86070,FIGUEROA,0.01429755488264456,14607.3,Santiago del Estero,719.8199999999999
0.05973250336473755,129.38978474993166,0.1642227456258412,0.0020453701233948433,86084,GUASAYAN,0.011806187041367707,4874.08,Santiago del Estero,423.36
0.024134497980651825,114.09369839968943,0.17193575655114116,0.003926597229152662,86091,JIMENEZ,0.01435662111908942,13628.16,Santiago del Estero,767.2
0.01603796343321483,127.42463871818136,0.11504570848146267,0.003237207530266619,86105,LORETO,0.013570373966877665,17484.72,Santiago del Estero,569.52
0.02177913012350098,151.9552938189281,0.20378378378378378,0.0019895654333718336,86098,MATARA,0.00786678746068863,14637.94,Santiago del Estero,648.55
0.06485996705107085,43.651116376560665,0.26956342668863265,0.00413219672193438,86112,MITRE,0.008934479398777034,776.96,Santiago del Estero,212.8
0.04293008849557522,113.66244189256562,0.08628318584070797,0.0014323113008066412,86119,MORENO,0.004557354138930223,18758.0,Santiago del Estero,1940.9
0.027672612443458224,66.0873646782868,0.139146539216523,0.0018225874278139302,86126,OJO DE AGUA,0.01148479749033436,14294.74,Santiago del Estero,647.4
0.027532206676825047,105.17213404789668,0.2812688738052362,0.003947100662718767,86133,PELLEGRINI,0.009755435784280531,12272.3,Santiago del Estero,943.75
0.0391127098321343,122.26647867742611,0.11904960242332449,0.002775086055231624,86140,QUEBRACHOS,0.006071983163583724,6655.32,Santiago del Estero,711.36
0.1297065697221501,192.89506171055294,0.06573617242274733,0.000746519888705487,86154,RIVADAVIA,0.0055988991652911515,5314.38,Santiago del Estero,892.64
0.016633140558209705,114.74354099002247,0.15710460145838573,0.002285095942984709,86161,ROBLES,0.009140383771938836,44224.24,Santiago del Estero,2301.42
0.04071371427186113,69.08925253849706,0.25410846323547237,0.0019521849642945058,86147,RIO HONDO,0.007328202019813223,49086.31,Santiago del Estero,1478.6100000000001
0.021409090909090916,48.23322575112648,0.16984326018808776,0.005199735163766084,86189,SILIPICA,0.021429211584005674,8038.8,Santiago del Estero,235.79999999999998
0.023788875598086123,139.13809836065573,0.22466357655502395,0.0030031314566115706,86175,SAN MARTIN,0.007286286157024793,5684.8,Santiago del Estero,328.44
0.026785181501740425,76.24595135200418,0.11872451516658378,0.00351494073124914,86168,SALAVINA,0.012905603281899828,11181.16,Santiago del Estero,637.56
0.025287958115183244,50.98084487691034,0.2862408376963351,0.0027833983595722585,86182,SARMIENTO,0.011521974604740977,3294.75,Santiago del Estero,198.56
0.035403066013140055,97.13511529671533,0.1761268119720513,0.002119727756239792,86077,TABOADA,0.008990569448879123,25602.63,Santiago del Estero,2207.79
0.04014062448090441,415.8346335898857,0.10145152181032069,0.0004936457510233532,90084,CAPITAL,0.001917348714119691,362409.16,Tucumán,39169.56
0.028151894036048158,200.06566748813518,0.12813055278480132,0.001140875407888444,90063,LULES,0.00543471557939586,27158.67,Tucumán,4675.96
0.0219348,271.62228632873996,0.1513332,0.0008747441280000004,90028,FAMAILLA,0.005637239936000003,35000.0,Tucumán,2322.15
0.02516378224963189,146.16881343041226,0.07905593137150295,0.0010268948380802124,90070,MONTEROS,0.006031382340116691,63730.96,Tucumán,2058.4
0.023300020395676115,288.2220286064865,0.15573322455639405,0.0008318239974895671,90021,CHICLIGASTA,0.00660705918005999,52952.4,Tucumán,4605.12
0.017564870259481037,157.39506860691006,0.1365174650698603,0.0014692328168015266,90077,RIO CHICO,0.002820927008258931,24048.0,Tucumán,1628.74
0.03702469923441488,132.89539809565235,0.09145734597156398,0.0011091429960118548,90042,ALBERDI,0.00625153325024864,17335.760000000002,Tucumán,1312.85
0.031159787871800782,110.96059507131815,0.16333871339635694,0.0020680765081739928,90049,LA COCHA,0.007004288319654983,7936.71,Tucumán,970.05
0.04736953387794329,89.47582631008757,0.24907640557424315,0.001878440322166112,90035,GRANEROS,0.007699286258754929,6347.049999999999,Tucumán,1106.7
0.027408303103587262,117.79354351694693,0.12943611446997177,0.0035439124041628097,90091,SIMOCA,0.013764761221965696,31012.5,Tucumán,1462.8899999999999
0.022677305807924653,103.22673255247683,0.1972981972125767,0.0022750889638070313,90056,LEALES,0.009398728178350356,46671.06,Tucumán,2790.2
0.013853946334683023,232.3883114635969,0.15004449447029672,0.0018392706470822442,90014,CRUZ ALTA,0.006510224160895426,157527.44,Tucumán,6834.4400000000005
0.021316075923532213,103.63282830955475,0.14473365535070412,0.0016628418119136869,90007,BURRUYACU,0.008064047017068145,33219.74,Tucumán,1488.57
0.034947578632051925,115.38534536400468,0.18720752205025795,0.0013415915124373409,90112,TRANCAS,0.007862350258935114,14661.96,Tucumán,1665.8400000000001
0.047476613300283535,555.0943789230571,0.11581738849934636,0.00041641567412095925,90119,YERBA BUENA,0.001665662696483837,48887.83,Tucumán,11734.8
0.04094287846604281,332.51098327959255,0.13842275675985993,0.0012986037205180681,90105,TAFI VIEJO,0.0031701208471470476,73159.8,Tucumán,5780.0
0.033989456678853835,35.82657661480884,0.24317660062919821,0.005533601553156875,90098,TAFI DEL VALLE,0.015240082966071399,7174.21,Tucumán,748.6800000000001
0.19414854101248372,890.422355358297,0.07920234357049857,0.00042375957626105223,94015,USHUAIA,0.0011037458730520431,69463.24,Tierra del Fuego,17201.45
0.10735414606582852,524.7675381021922,0.09056363893205255,0.0002559228424945878,94008,RIO GRANDE,0.001851677036872606,86646.95999999999,Tierra del Fuego,16679.97
0.010690668216441306,509.63367816502057,0.06589955230644247,0.0003053663968212247,82084,ROSARIO,0.0012540380029458294,1356240.2,Santa Fe,64855.0
0.011963751583034797,490.929698983268,0.06589928695677884,0.0005342923855355098,82063,LA CAPITAL,0.0021897228915389744,284106.2,Santa Fe,29291.22
0.016370031324750182,381.80403434945924,0.10007840261922825,0.0006261720110091305,30084,PARANÁ,0.0026767658485886492,305806.11,Entre Rios,12622.4
0.0,0.0,0.0,0.0,94011,Tolhuin,0.0,0.0,Tierra del Fuego,0.0
