AFRICANO,ALEMAN,ANDINO,ARABE,ARMENIO,BELGA,BRITÁNICO,CHINO,COREANO,ESCANDINAVO,ESPAÑOL,ESTE EUROPEO,FRANCES,GERMANICO,GRIEGO,HEBREO,HINDU,HOLANDES,IBERICO,ITALIANO,JAPONES,JUJUY,NOA,PORTUGUES,SUIZOS,SUR,TAILANDIA,TIERRAS BAJAS,VASCO,departamento_id,departamento_nombre,provincia_nombre
18,112,9,17,0,37,42,0,4,5,7902,22,101,46,44,5,3,1,70,2320,1,1,10,138,0,2,23,1,1351,018112,MONTE CASEROS,Corrientes
0,142,14,95,1,3,114,0,41,12,13204,35,118,45,1,1,36,3,118,1296,2,7,6,362,1,1,16,2,3006,018119,PASO DE LOS LIBRES,Corrientes
8,168,0,25,0,8,24,8,0,4,10787,23,69,23,0,2,1,1,26,825,18,1,0,112,24,27,8,11,1694,018049,ESQUINA,Corrientes
5,16,3,18,0,0,20,0,0,15,5468,5,27,1,0,0,24,0,4,183,50,29,1,69,28,16,3,14,1324,018063,GENERAL PAZ,Corrientes
1,1001,39,479,0,2,354,1,1,61,106260,244,892,351,11,63,5,63,375,4459,44,12,44,632,7,11,0,16,16391,018021,CAPITAL,Corrientes
50,9,15,22,47,21,6,13,0,6,3864,2,15,3,0,12,31,6,1,34,35,0,46,29,17,0,0,0,694,018098,MBURUCUYA,Corrientes
0,12,1,27,0,22,8,0,40,1,6633,19,48,15,37,1,0,1,4,272,1,0,0,68,18,0,0,4,1444,018126,SALADAS,Corrientes
0,29,2,10,0,0,11,0,0,1,4957,10,63,19,44,1,36,14,10,220,4,2,2,29,0,1,13,0,897,018133,SAN COSME,Corrientes
50,16,6,4,13,0,7,3,0,5,4646,7,22,7,0,1,0,11,8,185,2,1,13,107,0,1,0,2,1937,018028,CONCEPCION,Corrientes
0,3,0,1,0,0,12,0,3,1,797,30,4,33,6,0,26,0,0,21,0,0,1,2,0,0,50,44,125,018014,BERON DE ASTRADA,Corrientes
0,49,2,27,49,0,6,1,0,0,2311,0,15,22,0,4,38,47,42,107,1,0,0,83,0,17,0,1,714,018056,GENERAL ALVEAR,Corrientes
0,13,3,7,0,0,4,0,0,0,2943,3,31,11,0,6,26,1,11,148,0,2,11,19,0,29,45,0,570,018077,ITATI,Corrientes
0,22,19,17,28,22,47,34,48,0,4882,8,41,12,1,2,16,2,94,166,1,0,29,100,0,0,34,0,562,018147,SAN MARTIN,Corrientes
50,133,29,36,8,35,32,3,0,11,9364,78,81,63,2,6,3,0,76,652,2,1,9,160,3,4,43,1,2000,018084,ITUZAINGO,Corrientes
9,20,22,30,23,34,17,0,43,1,7294,5,49,15,0,0,1,37,11,619,1,1,2,57,0,0,0,13,1887,018091,LAVALLE,Corrientes
9,78,5,32,15,1,40,0,0,1,10394,4,139,21,2,7,28,2,29,785,1,23,1,98,0,2,0,39,2933,018105,MERCEDES,Corrientes
45,21,1,2,0,0,2,41,18,1,2061,1,4,3,0,15,19,0,11,141,16,1,48,23,0,47,0,31,1039,018175,SAUCE,Corrientes
0,12,0,6,33,0,1,0,1,0,4975,0,60,5,0,0,0,7,3,182,21,0,1,7,0,33,34,46,1402,018140,SAN LUIS DEL PALMAR,Corrientes
21,172,4,65,32,33,144,6,0,8,17258,141,61,143,4,45,1,8,132,1048,4,2,1,615,2,61,30,0,4430,018168,SANTO TOME,Corrientes
38,157,10,61,33,18,138,0,1,2,23422,27,468,47,3,2,2,1,62,2988,1,43,3,251,1,0,1,1,5168,018070,GOYA,Corrientes
20,175,3,38,0,15,86,1,12,2,12357,19,97,51,1,4,1,13,34,1131,43,1,2,69,1,0,0,21,3187,018035,CURUZU CUATIA,Corrientes
0,129,12,36,18,0,40,5,1,6,8332,11,113,83,1,8,1,39,31,851,2,0,2,70,39,0,0,3,3361,018007,BELLA VISTA,Corrientes
0,6,11,13,46,17,10,0,0,1,3626,4,5,6,7,0,0,46,3,90,9,27,1,33,49,0,0,6,1165,018154,SAN MIGUEL,Corrientes
0,45,1,14,0,0,1,0,0,0,5207,3,25,17,43,28,1,0,5,380,0,1,39,47,21,3,36,1,1577,018161,SAN ROQUE,Corrientes
0,13,1,13,0,1,22,0,0,0,5931,2,37,7,0,22,0,50,1,239,0,8,30,22,45,0,0,36,993,018042,EMPEDRADO,Corrientes
0,17,2,16,38,0,5,0,38,1,4531,2,24,4,1,23,33,0,4,238,0,3,26,4,28,1,6,0,846,014175,TULUMBA,Córdoba
0,299,40,226,3,11,103,9,0,12,24634,105,358,139,5,30,6,4,100,5592,15,20,147,46,3,15,0,4,6000,014147,SANTA MARIA,Córdoba
0,56,18,166,0,47,26,0,30,2,15583,19,140,25,3,2,2,4,14,830,1,1,170,10,0,89,42,4,3099,014028,CRUZ DEL EJE,Córdoba
2,756,103,390,6,7,335,6,0,33,38198,264,671,281,13,43,10,32,349,8510,44,27,128,207,20,144,0,4,7723,014091,PUNILLA,Córdoba
34,7,1,14,0,0,9,0,0,31,4040,11,31,1,23,0,20,0,6,161,37,1,9,5,0,0,14,21,1310,014112,RIO SECO,Córdoba
1,1480,82,259,20,6,325,73,0,96,36401,240,713,436,11,12,9,78,209,25257,92,3,80,162,42,8,24,8,9195,014140,SAN JUSTO,Córdoba
40,50,11,50,0,0,38,1,48,2,13904,23,135,39,47,4,1,5,40,839,2,2,17,24,1,4,0,0,2199,014126,SAN ALBERTO,Córdoba
0,4,1,2,34,0,1,43,6,0,1819,0,8,0,1,0,0,3,3,43,9,3,5,47,0,0,0,18,299,014070,MINAS,Córdoba
0,117,35,59,0,1,37,30,17,2,9849,38,128,37,6,29,6,1,46,3062,3,1,11,33,5,2,32,1,2446,014105,RIO PRIMERO,Córdoba
10,193,22,130,0,17,132,0,0,12,20743,80,362,71,28,4,17,20,179,10876,27,3,74,128,13,16,9,0,5566,014119,RIO SEGUNDO,Córdoba
32,305,21,69,28,1,61,0,0,9,14383,78,134,171,3,5,3,5,54,2417,4,14,35,91,7,10,9,50,2271,014007,CALAMUCHITA,Córdoba
34,102,31,91,0,0,34,1,37,12,16243,58,143,38,3,8,3,6,34,1294,1,3,6,39,13,4,0,0,3293,014133,SAN JAVIER,Córdoba
45,1,3,4,24,9,4,0,45,1,1524,0,6,1,2,29,10,1,18,62,32,5,0,2,9,1,9,3,309,014154,SOBREMONTE,Córdoba
1,783,188,462,6,32,307,5,11,77,52975,251,754,213,19,17,75,26,337,10459,47,82,359,144,10,78,45,14,10223,014021,COLON,Córdoba
2,393,89,140,10,1,125,4,0,37,28480,109,510,216,4,19,22,17,268,12630,2,9,57,59,10,31,0,2,5903,014042,GRAL SAN MARTIN,Córdoba
0,53,4,41,0,0,36,0,0,0,8723,21,123,30,9,0,2,1,57,3745,4,1,1,25,1,7,0,0,1480,014035,GENERAL ROCA,Córdoba
38,296,60,71,31,8,89,1,8,13,9917,58,267,100,45,5,15,11,67,6366,10,2,24,26,26,8,0,2,2203,014056,JUAREZ CELMAN,Córdoba
0,800,77,342,6,1,423,1,0,60,59201,210,1072,311,3,44,31,29,533,28213,18,25,84,214,26,23,0,2,9963,014098,RIO CUARTO,Córdoba
3,4129,1091,4137,37,61,2978,58,17,337,390269,1652,5299,1642,219,222,114,233,2078,85585,238,450,1544,982,69,558,15,50,60899,014014,CAPITAL,Córdoba
0,141,2,100,1,0,40,50,19,7,6612,16,141,73,0,0,5,1,101,4064,19,2,14,45,1,9,0,0,1234,014084,ROQUE SAENZ PEÑA,Córdoba
0,2,41,3,50,0,1,0,0,2,1735,1,3,1,29,1,5,34,2,47,33,0,1,2,0,2,14,39,341,014077,POCHO,Córdoba
0,33,21,30,0,5,24,0,36,10,6739,5,40,13,0,1,0,0,10,1169,2,1,9,8,0,7,37,0,842,014168,TOTORAL,Córdoba
29,420,58,186,2,2,156,12,0,54,16411,86,416,111,1,11,9,28,143,15616,2,5,58,78,10,48,0,1,4029,014182,UNION,Córdoba
16,52,13,44,3,9,52,1,0,3,6814,54,71,18,2,8,4,2,12,754,1,2,78,6,36,17,45,1,2370,014049,ISCHILIN,Córdoba
0,202,63,192,0,1,150,7,0,12,31206,88,339,99,39,1,8,5,192,11867,11,12,84,80,2,8,12,2,4094,014161,TERCERO ARRIBA,Córdoba
4,271,22,261,0,4,190,1,0,51,19706,165,606,132,10,6,46,10,212,13881,4,20,28,75,19,26,0,1,4233,014063,MARCOS JUAREZ,Córdoba
0,2,1,10,35,4,5,1,0,0,4323,15,2,31,46,28,0,0,1,37,38,7,9,1,21,0,3,1,721,086021,ATAMISQUI,Santiago del Estero
0,4,1,5,46,9,1,0,20,50,2165,0,7,0,0,6,0,1,2,19,0,0,18,5,0,27,21,1,644,086189,SILIPICA,Santiago del Estero
0,1,0,11,43,0,2,24,0,0,2793,1,56,29,45,0,30,0,0,32,21,3,5,2,0,0,0,0,547,086084,GUASAYAN,Santiago del Estero
0,22,2,17,0,38,17,3,0,2,3885,7,39,6,0,1,41,1,1,71,22,0,62,3,0,2,0,38,617,086014,ALBERDI,Santiago del Estero
41,8,1,6,2,0,4,2,11,1,2530,14,39,0,3,0,1,0,2,56,5,0,2,2,43,0,9,0,870,086140,QUEBRACHOS,Santiago del Estero
42,38,19,79,32,1,43,0,0,35,12661,171,212,20,1,5,10,3,13,520,1,3,119,11,13,0,37,1,2391,086161,ROBLES,Santiago del Estero
37,32,0,35,41,0,6,41,0,0,2804,4,48,1,0,0,3,2,7,178,0,42,28,1,2,0,0,0,694,086007,AGUIRRE,Santiago del Estero
0,177,128,546,2,19,136,2,25,16,41208,244,486,10,2,5,14,9,10,2443,8,6,291,48,2,4,20,8,6106,086035,BANDA,Santiago del Estero
46,57,15,69,22,0,41,0,19,8,9893,33,168,9,50,1,1,5,1,284,4,1,125,19,0,0,33,3,1219,086119,MORENO,Santiago del Estero
0,17,2,17,39,4,23,35,0,36,2895,8,12,4,23,0,21,0,0,32,0,20,3,2,0,12,0,0,613,086175,SAN MARTIN,Santiago del Estero
30,70,3,54,1,17,15,0,1,1,6029,49,47,1,0,1,0,1,3,115,0,1,117,10,0,1,0,1,1172,086028,AVELLANEDA,Santiago del Estero
0,1,0,9,15,1,1,0,29,0,2608,1,33,0,0,1,40,1,0,40,4,0,3,3,13,0,38,37,947,086168,SALAVINA,Santiago del Estero
29,62,36,162,11,2,33,5,1,6,14788,16,74,3,9,11,5,3,3,412,4,3,21,65,1,1,0,35,1547,086063,CHOYA,Santiago del Estero
0,28,1,71,1,8,37,0,44,1,7868,3,19,1,0,0,0,0,7,108,2,0,13,2,0,10,18,0,1119,086105,LORETO,Santiago del Estero
0,9,1,12,0,49,8,13,0,5,5089,3,28,3,0,2,42,30,1,61,1,1,2,4,0,2,0,1,585,086091,JIMENEZ,Santiago del Estero
30,2,2,5,0,0,7,20,0,1,4580,7,17,0,1,43,21,17,0,87,0,2,7,0,1,1,7,0,1988,086126,OJO DE AGUA,Santiago del Estero
0,66,1,14,0,6,10,3,15,3,1161,9,42,3,2,6,44,1,32,605,7,11,2,6,2,14,43,0,311,086154,RIVADAVIA,Santiago del Estero
0,10,1,44,15,23,18,0,42,0,7311,22,63,41,48,13,7,1,1,91,0,0,34,2,0,0,32,15,664,086098,MATARA,Santiago del Estero
13,78,4,25,0,0,14,2,2,3,2365,13,36,1,0,4,0,8,10,493,36,14,80,6,1,15,21,35,732,086042,BELGRANO,Santiago del Estero
0,8,15,2,30,0,4,24,0,0,1132,1,14,0,0,1,0,8,31,8,40,0,4,32,49,0,0,0,174,086182,SARMIENTO,Santiago del Estero
18,10,5,68,0,0,31,0,48,6,7768,14,102,4,0,1,0,3,2,134,1,3,50,4,8,1,0,7,1524,086056,COPO,Santiago del Estero
21,916,60,2071,6,83,405,3,36,105,82736,458,1062,28,36,22,16,30,57,8070,29,17,407,223,4,5,0,19,10237,086049,CAPITAL,Santiago del Estero
30,3,27,23,26,0,16,0,2,48,7554,4,157,1,26,18,0,45,1,46,0,49,65,10,34,10,0,2,864,086070,FIGUEROA,Santiago del Estero
6,90,21,176,0,1,24,0,0,4,21480,26,95,2,3,1,2,3,5,503,0,4,8,16,1,3,0,40,2196,086147,RIO HONDO,Santiago del Estero
0,92,8,105,8,1,36,0,20,26,13470,62,141,2,2,2,13,10,3,532,28,0,292,12,29,11,0,20,1415,086077,TABOADA,Santiago del Estero
0,1,19,3,0,0,0,41,0,0,422,43,7,27,16,0,44,0,8,26,0,32,0,1,23,0,0,0,196,086112,MITRE,Santiago del Estero
0,10,5,34,21,1,95,0,0,0,7038,13,47,7,0,43,33,0,1,67,0,3,9,9,0,49,12,4,974,086133,PELLEGRINI,Santiago del Estero
0,67,1208,85,1,0,14,9,0,3,7202,57,84,3,2,1,7,2,4,264,4,414,350,15,0,4,0,8,1653,066035,CERRILLOS,Salta
0,52,1270,86,1,1,37,37,23,5,11197,56,147,5,2,8,40,2,4,671,1,430,171,25,3,2,0,33,3258,066049,GÜEMES,Salta
32,82,280,101,25,4,38,0,0,16,11381,48,143,2,4,8,39,7,3,605,1,153,152,8,0,2,0,32,2741,066112,METAN,Salta
13,24,411,43,11,49,4,0,0,3,1957,6,15,1,0,46,3,0,1,61,1,112,88,2,46,1,17,4,371,066098,LA VIÑA,Salta
6,14,877,62,0,47,11,47,0,50,4902,24,43,1,1,1,5,0,0,92,13,473,344,6,0,36,0,42,772,066042,CHICOANA,Salta
38,11,739,28,0,5,4,0,0,4,4667,13,26,1,2,0,6,0,1,84,1,215,342,4,0,47,40,1,536,066021,CAFAYATE,Salta
26,3,71,42,46,37,28,7,12,1,10558,11,99,35,4,15,1,46,1,163,1,16,40,6,0,0,4,6,1935,066133,RIVADAVIA,Salta
0,6,172,4,0,0,0,4,0,0,1185,3,3,21,0,0,49,1,26,9,0,67,37,2,16,0,14,2,305,066063,GUACHIPAS,Salta
1,38,234,57,1,5,14,25,0,11,8760,59,42,6,26,2,53,1,4,615,2,62,155,13,36,0,21,28,1702,066140,ROS.DE LA FRONTERA,Salta
0,0,669,10,0,0,2,0,30,0,1278,0,14,25,0,39,1,0,0,6,0,102,9,1,10,0,0,1,328,066070,IRUYA,Salta
0,36,1727,43,15,0,30,0,24,1,7850,38,158,4,1,1,7,2,1,295,1,1116,708,12,0,1,0,8,1188,066147,ROSARIO DE LERMA,Salta
0,34,147,14,14,14,36,0,12,0,340,0,11,0,0,0,50,4,0,2,24,73,44,6,15,0,0,0,57,066091,LA POMA,Salta
3,931,9563,2755,3,8,570,6,3,114,91551,798,1712,60,120,74,116,80,54,12030,139,7047,4447,284,13,35,2,192,22373,066028,CAPITAL,Salta
31,5,465,10,2,1,1,30,7,0,1552,11,10,5,1,0,0,44,1,23,33,189,196,1,39,31,18,1,167,066154,SAN CARLOS,Salta
0,7,277,14,0,0,0,26,0,0,1468,4,5,29,0,0,3,30,1,63,43,22,19,1,34,24,18,43,234,066084,LA CANDELARIA,Salta
0,0,427,1,13,0,0,0,0,0,1618,1,53,1,0,0,31,1,35,7,35,181,330,1,0,0,19,1,69,066105,LOS ANDES,Salta
0,1,651,42,0,19,1,0,0,47,2153,0,14,1,18,41,0,0,2,53,1,166,61,1,0,0,0,7,356,066161,SANTA VICTORIA,Salta
1,121,3020,388,0,29,109,35,45,14,26473,125,453,13,22,1,24,9,19,999,27,463,375,108,1,15,42,471,6513,066126,ORAN,Salta
0,233,1352,339,44,3,139,1,21,7,44427,188,733,8,38,16,32,4,23,1645,12,302,441,107,10,11,3,414,11404,066056,SAN MARTIN,Salta
1,33,483,25,15,1,12,19,0,2,1606,30,34,1,12,4,1,1,1,242,2,473,48,2,11,1,1,1,527,066077,LA CALDERA,Salta
0,38,319,93,1,9,80,0,0,3,15433,31,99,5,1,17,11,8,8,406,1,71,531,32,14,2,4,115,2952,066007,ANTA,Salta
0,1,221,2,16,2,1,0,15,42,1025,39,1,8,11,13,0,12,0,9,43,182,394,35,0,0,0,1,153,066119,MOLINOS,Salta
10,11,493,3,0,0,4,8,23,4,1865,4,3,7,0,7,0,23,1,19,0,141,173,1,16,13,48,3,238,066014,CACHI,Salta
0,2347,32,199,49,4,189,4,0,60,22954,104,510,794,4,26,11,83,270,3780,5,4,47,112,18,50,39,0,4563,042021,CAPITAL,La Pampa
49,5,2,3,28,0,1,0,0,48,859,18,2,4,0,0,0,0,10,28,39,36,38,3,6,1,0,27,152,042049,CHALILEO,La Pampa
26,59,6,11,19,35,9,2,5,4,1144,6,29,22,1,0,1,2,8,587,3,1,1,1,0,3,0,25,155,042147,TRENEL,La Pampa
0,344,2,10,0,0,35,0,46,5,1363,19,145,249,50,2,47,10,34,237,2,0,1,7,1,2,32,45,260,042077,HUCAL,La Pampa
48,9,1,3,16,21,8,0,28,1,585,2,8,13,0,16,1,6,2,38,42,0,10,24,2,5,0,1,100,042014,CALEU CALEU,La Pampa
21,420,1,26,0,18,50,0,36,1,3442,29,35,196,1,2,0,54,77,720,47,1,3,18,46,10,0,0,526,042035,CONHELO,La Pampa
12,3,48,40,15,0,1,16,0,41,143,0,1,1,0,4,0,0,0,6,0,10,40,1,20,1,47,0,18,042091,LIMAY MAHUIDA,La Pampa
0,8,0,0,0,0,0,37,30,0,189,1,3,1,0,5,44,0,1,15,0,0,0,0,0,4,41,0,35,042042,CURACO,La Pampa
12,2,0,0,22,0,0,38,30,46,36,0,0,3,0,0,0,0,1,5,0,0,3,10,0,0,29,49,30,042084,LIHUEL CALEL,La Pampa
0,404,4,7,0,0,37,4,0,8,2640,8,123,103,1,0,2,33,34,240,21,32,1,27,1,24,0,0,465,042007,ATREUCO,La Pampa
0,1163,1,12,29,0,38,14,0,5,934,14,40,274,0,2,15,37,20,243,6,0,7,6,50,2,0,0,163,042070,GUATRACHE,La Pampa
13,288,5,21,0,0,28,0,0,1,4007,3,43,109,3,3,1,9,30,327,1,0,13,13,0,39,2,4,660,042154,UTRACAN,La Pampa
0,2,0,16,0,28,0,23,0,0,446,3,40,2,0,40,2,0,1,7,0,43,0,17,0,14,18,0,118,042063,CHICAL-CO,La Pampa
11,34,3,23,30,30,9,0,13,2,2364,7,36,17,1,1,2,2,27,656,48,1,1,21,0,5,8,1,403,042126,RANCUL,La Pampa
40,27,2,28,2,0,22,17,33,3,2513,2,18,19,34,42,0,11,29,273,1,2,0,26,49,11,3,39,668,042098,LOVENTUE,La Pampa
1,43,1,17,0,0,7,0,5,4,2094,5,46,16,0,1,1,3,26,224,1,6,0,14,0,1,18,0,359,042028,CATRILO,La Pampa
24,50,9,19,3,0,27,25,0,1,3335,5,59,30,28,3,3,1,11,764,43,1,1,14,0,18,13,44,440,042056,CHAPALEUFU,La Pampa
0,286,31,96,0,1,130,2,20,18,15474,110,265,190,1,37,4,8,138,2998,3,9,2,101,2,17,40,1,2312,042105,MARACO,La Pampa
0,197,3,14,0,1,41,0,27,6,2507,14,39,104,7,7,0,5,29,505,2,1,6,7,0,13,27,50,268,042119,QUEMU QUEMU,La Pampa
0,175,9,21,25,48,17,23,47,15,3199,14,68,86,0,5,31,4,49,322,1,4,2,13,37,27,1,0,504,042140,TOAY,La Pampa
0,36,14,15,25,0,8,0,5,0,2276,7,38,10,42,2,31,1,17,179,12,41,2,3,0,25,0,2,633,042112,PUELEN,La Pampa
0,77,4,45,47,22,17,0,2,3,2943,14,77,52,1,3,0,14,37,1639,1,26,2,19,0,4,29,0,689,042133,REALICO,La Pampa
0,3,34,3,15,0,30,19,16,17,832,24,1,0,31,32,0,0,15,8,0,0,4,1,0,3,0,0,130,046077,GRAL. LAMADRID,La Rioja
0,3,2,8,0,15,0,32,0,47,906,1,1,0,0,8,0,0,37,11,6,0,53,34,0,1,0,0,68,046105,INDEPENDENCIA,La Rioja
38,5,4,11,35,2,1,30,45,35,2490,8,13,0,3,7,46,0,2,68,0,0,64,1,21,7,0,4,421,046063,GRAL. BELGRANO,La Rioja
0,6,4,8,10,0,2,47,0,2,1641,1,11,0,2,1,0,21,48,54,1,1,72,1,0,2,39,39,172,046021,CASTRO BARROS,La Rioja
0,12,1,17,0,0,2,0,0,1,2047,4,3,0,1,1,0,1,2,49,1,4,39,3,0,1,0,0,454,046084,GRAL.ORTIZ DE OCAMPO,La Rioja
0,0,1,4,0,0,31,47,50,0,1601,1,2,6,0,11,0,48,0,11,0,7,7,2,0,6,46,36,338,046091,GRAL. SAN MARTIN,La Rioja
35,185,199,504,7,3,158,5,47,27,58973,222,287,17,47,18,11,23,49,3739,6,59,902,87,5,68,6,6,7285,046014,CAPITAL,La Rioja
19,3,4,23,0,0,2,0,0,0,1129,2,2,0,1,47,5,2,1,46,1,1,100,9,0,0,0,0,196,046119,SAN BLAS DE LOS SAUCES,La Rioja
0,6,57,41,32,10,12,0,0,1,3963,5,16,1,2,0,2,26,1,57,36,4,96,0,0,22,28,0,474,046028,CNEL. FELIPE VARELA,La Rioja
8,2,14,1,30,0,1,45,25,0,1220,1,4,1,1,0,2,1,37,34,15,2,20,0,25,0,0,0,82,046126,SANAGASTA,La Rioja
29,1,5,3,25,32,4,1,17,33,780,1,4,0,5,1,14,0,39,15,0,2,17,1,16,1,0,0,176,046098,VINCHINA,La Rioja
0,8,2,42,1,3,5,0,0,33,5348,4,40,0,5,0,3,0,2,120,0,1,68,12,0,5,8,0,724,046112,ROSARIO VERA PEÑALOZA,La Rioja
0,19,10,60,2,1,5,14,23,1,4058,6,49,1,0,49,1,4,5,196,15,4,68,9,30,2,1,1,764,046035,CHAMICAL,La Rioja
31,58,145,145,1,13,106,1,24,2,10335,45,117,2,17,17,22,1,17,573,44,30,830,18,1,57,0,3,1986,046042,CHILECITO,La Rioja
29,4,2,4,3,0,0,0,42,31,1128,0,2,0,21,47,1,0,19,14,27,0,22,0,30,12,0,0,86,046056,ANGEL VICENTE PEÑALOZA,La Rioja
1,6,36,23,1,0,10,3,0,2,5786,3,39,2,3,0,3,1,2,231,2,6,231,2,0,3,0,10,643,046007,ARAUCO,La Rioja
0,0,1,1,0,3,1,50,31,13,1941,0,2,0,12,0,0,4,1,11,0,30,35,1,0,28,45,0,241,046070,JUAN FACUNDO QUIROGA,La Rioja
38,8,14,12,2,48,3,0,48,2,2135,6,11,49,1,12,22,0,5,42,0,15,105,2,2,3,0,22,266,046049,FAMATINA,La Rioja
15,219,2,84,0,0,16,41,31,35,8122,69,122,180,3,1,1,4,32,800,3,1,58,28,7,1,0,1,1339,022028,CHACABUCO,Chaco
0,88,1,9,22,0,24,0,27,14,3015,61,16,70,0,1,6,2,1,178,1,0,15,6,1,1,23,1,544,022043,FRAY SANTA MARIA DE ORO,Chaco
0,33,3,23,0,0,25,0,21,1,3074,25,75,17,0,35,0,0,12,450,0,1,44,23,37,0,0,4,684,022126,1° DE MAYO,Chaco
0,2,0,6,16,31,3,0,2,1,1201,4,18,3,0,23,32,1,0,36,0,0,0,3,4,44,5,1,277,022161,TAPENAGA,Chaco
0,69,4,10,37,0,72,0,0,5,9119,6,205,22,1,1,1,0,23,481,7,2,2,109,40,2,0,7,1975,022014,BERMEJO,Chaco
42,221,5,58,30,2,48,27,0,8,9726,211,127,110,9,3,2,9,28,411,1,9,116,7,14,0,21,3,1244,022105,9 DE JULIO,Chaco
50,15,1,24,3,3,1,0,0,1,2789,148,10,3,0,1,1,2,1,125,3,0,22,5,0,1,22,8,514,022049,GRAL. BELGRANO,Chaco
0,31,1,20,0,42,21,3,5,1,4600,125,27,12,0,1,1,1,3,111,6,25,24,27,0,1,16,1,775,022147,SAN LORENZO,Chaco
21,260,13,40,0,0,99,27,0,7,17041,57,202,106,19,9,2,3,38,1165,5,1,17,160,0,5,31,11,4423,022084,LIB.GRAL. SAN MARTIN,Chaco
44,32,16,23,41,0,43,14,0,15,8061,134,110,17,0,1,45,1,5,876,2,1,3,30,50,3,43,2,2107,022133,QUITILIPI,Chaco
0,218,42,98,0,2,99,0,2,41,26459,689,358,122,6,16,2,3,40,1979,1,27,98,141,9,4,32,12,4421,022021,CTE. FERNANDEZ,Chaco
0,1648,99,84,1,45,80,0,0,8,17329,120,50,352,1,0,23,3,21,494,1,27,36,70,2,9,45,159,3366,022063,GRAL. GUEMES,Chaco
0,1543,67,505,1,9,774,5,1,76,90217,586,1901,823,26,61,24,34,229,9593,75,12,94,988,24,4,0,36,23644,022140,SAN FERNANDO,Chaco
0,29,19,16,0,0,28,6,30,31,10885,49,84,45,1,41,0,1,1,454,39,1,1,41,0,0,47,2,2285,022168,25 DE MAYO,Chaco
4,15,2,29,29,4,9,0,43,40,4638,28,40,5,50,0,0,0,8,343,0,0,12,9,1,14,0,1,1202,022056,GRAL. DONOVAN,Chaco
0,6,1,9,46,0,10,0,0,0,3105,7,38,8,16,0,24,0,2,203,0,0,5,16,4,7,0,0,651,022119,PCIA. DE LA PLAZA,Chaco
0,294,42,25,0,6,6,0,0,2,1974,18,19,45,0,0,48,1,3,65,45,0,9,2,0,19,0,33,331,022039,2 DE ABRIL,Chaco
0,21,10,15,1,1,24,29,0,2,6974,133,62,12,15,8,0,0,4,248,5,1,9,29,26,0,9,25,1530,022070,INDEPENDENCIA,Chaco
44,46,0,32,35,0,3,0,0,2,5399,296,31,13,6,7,11,3,5,192,1,1,20,19,2,17,14,0,1109,022112,O HIGGINS,Chaco
33,149,3,66,0,0,23,0,7,18,5164,56,45,27,2,0,3,3,7,241,7,1,128,12,3,3,3,4,1380,022036,12 DE OCTUBRE,Chaco
0,41,4,13,0,9,6,0,0,6,7014,105,58,32,33,11,0,0,10,332,35,13,13,37,0,13,38,32,1961,022091,MAIPU,Chaco
0,716,1,110,20,0,95,0,0,22,15532,382,177,274,0,8,9,20,25,1018,2,5,41,62,6,1,0,13,2893,022098,MAYOR L.J. FONTANA,Chaco
0,49,20,54,0,49,38,1,0,1,7968,78,78,16,46,0,1,8,12,305,3,7,63,37,18,31,2,35,1672,022007,ALTE. BROWN,Chaco
0,42,31,6,9,0,7,2,4,0,5953,5,94,36,1,0,0,24,10,229,29,14,1,29,39,18,36,4,1156,022154,SGTO. CABRAL,Chaco
0,33,0,14,0,0,12,28,43,4,2446,5,78,18,0,1,0,39,4,389,6,1,1,17,35,15,0,1,836,022077,LIBERTAD,Chaco
0,138,678,339,0,3,181,39,1,10,40747,52,477,74,26,18,4,6,214,5565,26,98,207,144,1,128,41,13,7502,050070,MAIPU,Mendoza
0,261,408,283,1,1,161,0,0,14,30578,54,372,93,19,19,5,11,120,5535,22,71,125,96,0,40,0,3,5105,050063,LUJAN,Mendoza
50,28,137,206,0,6,37,0,10,4,14635,30,84,12,5,21,5,5,50,2114,1,6,67,55,1,6,0,0,2753,050084,RIVADAVIA,Mendoza
23,24,33,30,0,1,12,0,0,4,7843,11,80,20,12,1,1,1,132,550,4,4,32,14,0,34,3,0,2102,050077,MALARGUE,Mendoza
21,339,161,535,1,1,246,14,1,35,19313,194,512,134,17,45,30,15,347,7901,30,16,101,130,1,77,0,7,3758,050007,CAPITAL,Mendoza
39,15,267,56,16,0,11,46,1,1,9794,4,54,3,5,6,3,1,28,722,1,40,33,47,0,1,28,3,1767,050126,TUPUNGATO,Mendoza
5,76,26,101,49,1,24,0,0,5,16967,147,144,44,8,5,3,2,192,1363,35,5,12,17,3,6,35,0,2166,050014,GRAL. ALVEAR,Mendoza
0,3,20,37,0,1,5,24,0,1,3561,1,28,6,5,1,7,46,16,491,0,2,17,9,48,13,0,0,1148,050112,SANTA ROSA,Mendoza
0,333,140,650,33,4,327,1,1,51,38491,173,575,173,28,50,22,19,304,11350,20,23,200,195,4,99,41,4,6077,050021,GODOY CRUZ,Mendoza
5,549,727,744,1,8,226,4,1,27,50077,233,1098,143,26,38,23,35,467,12138,25,111,283,238,3,170,23,8,10291,050028,GUAYMALLEN,Mendoza
50,25,96,61,0,0,19,0,0,1,12930,6,159,6,10,0,1,1,32,767,0,18,114,27,9,46,24,6,1986,050056,LAVALLE,Mendoza
36,241,253,372,0,27,145,1,45,24,37386,95,600,120,9,18,20,10,179,5790,25,48,255,207,42,182,0,6,7543,050049,LAS HERAS,Mendoza
4,15,76,112,0,25,35,36,0,3,9219,7,64,4,0,1,2,44,13,865,2,6,42,18,0,8,45,14,1978,050091,SAN CARLOS,Mendoza
0,16,136,86,0,4,24,1,0,1,11253,12,136,17,4,2,4,1,57,1378,2,17,39,25,14,15,0,7,2686,050035,JUNIN,Mendoza
0,285,266,500,40,0,171,0,32,17,49938,110,557,128,3,20,28,2,456,5508,65,26,53,91,2,203,0,4,9916,050105,SAN RAFAEL,Mendoza
0,2,2,58,0,0,3,0,0,0,4147,1,19,11,0,16,0,0,39,139,1,18,20,2,0,14,33,45,770,050042,LA PAZ,Mendoza
40,66,266,358,22,16,66,2,0,5,28176,92,317,32,9,8,9,4,146,5757,7,18,192,100,1,87,0,1,5653,050098,SAN MARTIN,Mendoza
44,46,154,139,5,3,41,0,21,4,11447,14,134,23,2,1,5,1,91,760,6,21,35,35,0,6,4,1,3497,050119,TUNUYAN,Mendoza
13,2816,7,329,0,1,318,7,17,54,23692,84,923,999,8,9,0,17,159,8079,11,9,15,207,2,4,0,3,4916,030056,GUALEGUAYCHU,Entre Rios
28,422,0,16,0,1,86,0,0,19,4870,27,490,77,0,2,10,21,69,413,6,0,10,18,11,25,0,1,772,030088,SAN SALVADOR,Entre Rios
37,889,7,28,33,0,38,0,0,10,5991,27,160,192,43,17,0,2,56,1711,41,1,1,31,1,2,0,1,1289,030091,TALA,Entre Rios
50,690,3,18,33,25,49,0,0,20,6341,33,157,103,36,2,1,12,87,695,0,0,4,58,0,0,3,39,1385,030035,FEDERAL,Entre Rios
26,333,7,39,2,1,256,7,3,20,11984,66,220,235,0,3,5,16,40,4271,3,5,10,254,2,35,44,33,2406,030028,FEDERACION,Entre Rios
23,1645,5,49,46,0,84,0,39,12,7215,14,411,235,2,24,4,12,135,2180,3,2,1,15,0,21,0,0,1675,030077,NOGOYA,Entre Rios
23,748,8,118,2,25,274,2,38,59,14998,55,3745,161,1,5,2,59,258,2047,34,2,7,167,3,7,0,23,2125,030008,COLON,Entre Rios
0,512,11,232,2,46,124,2,5,4,12649,52,168,179,14,11,2,8,51,2494,4,0,3,25,0,2,9,1,2019,030049,GUALEGUAY,Entre Rios
50,4757,26,138,1,50,258,2,0,34,5588,81,168,747,0,11,35,51,31,1518,2,1,10,35,23,3,0,1,1651,030021,DIAMANTE,Entre Rios
43,1819,11,243,0,1,352,1,0,27,18203,228,1993,462,0,46,9,36,224,3519,3,2,25,329,3,2,29,1,4444,030098,URUGUAY,Entre Rios
0,69,4,9,40,17,48,16,50,6,3973,1,43,16,0,1,0,1,10,290,18,0,5,45,0,0,0,2,967,030042,FELICIANO,Entre Rios
0,157,1,18,0,22,14,49,0,21,3041,23,40,35,1,5,2,1,7,573,4,0,0,33,0,1,0,23,566,030063,ISLAS DEL IBICUY,Entre Rios
0,1469,6,99,0,7,143,0,23,14,16114,65,302,281,0,56,4,30,109,2634,1,2,1,153,1,1,0,0,2825,030070,LA PAZ,Entre Rios
0,351,8,90,0,1,66,0,46,5,10301,16,188,66,2,2,22,3,42,1969,5,44,14,20,0,4,39,6,1975,030105,VICTORIA,Entre Rios
0,2372,15,223,0,15,358,3,2,30,33499,195,1121,404,3,18,2,14,212,8783,19,0,22,550,6,8,0,88,6742,030015,CONCORDIA,Entre Rios
31,930,5,50,39,50,127,2,27,177,14874,42,536,266,7,17,9,9,59,1104,4,0,40,76,0,2,0,1,2460,030113,VILLAGUAY,Entre Rios
2,107,1719,217,2,1,107,25,1,8,24907,79,199,3,6,1,42,0,4,995,12,491,327,20,3,11,0,177,4792,038063,SAN PEDRO,Jujuy
0,1,276,1,0,0,0,0,41,0,620,15,84,34,0,12,0,28,0,3,0,30,15,2,4,50,0,21,202,038105,VALLE GRANDE,Jujuy
1,11,1363,12,0,6,2,48,30,0,2376,4,13,1,0,1,1,0,2,54,29,427,53,0,0,33,0,1,488,038094,TILCARA,Jujuy
0,3,492,0,25,24,4,20,21,0,881,15,34,0,10,0,31,0,43,43,20,13,55,0,0,47,0,0,64,038077,SANTA CATALINA,Jujuy
0,32,184,20,0,0,31,48,0,0,410,50,0,28,44,8,0,44,0,0,0,33,129,0,0,27,0,41,42,038049,RINCONADA,Jujuy
0,62,3884,129,4,19,23,19,30,10,19218,64,243,1,2,1,19,2,5,1035,32,1016,395,62,2,3,0,38,3737,038014,EL CARMEN,Jujuy
2,47,572,4,29,15,1,46,0,20,1010,16,3,1,4,1,0,38,0,12,0,346,13,1,0,1,0,0,192,038098,TUMBAYA,Jujuy
7,1,939,1,0,0,1,0,23,1,2639,0,2,0,0,0,0,0,1,6,0,1247,165,2,29,17,0,0,418,038007,COCHINOCA,Jujuy
46,87,2251,132,0,2,68,1,0,7,26338,52,234,4,5,2,49,3,8,850,13,374,445,59,1,6,12,198,4025,038035,LEDESMA,Jujuy
0,1,268,4,0,0,10,12,50,1,1498,3,6,1,3,0,6,0,0,25,45,113,14,39,0,5,0,9,216,038056,SAN ANTONIO,Jujuy
43,1,189,33,36,1,20,15,0,0,1097,26,6,0,27,0,0,0,0,1,0,175,109,0,0,5,38,0,98,038084,SUSQUES,Jujuy
0,20,2079,11,6,47,12,3,0,0,5026,18,34,15,0,0,1,0,1,55,0,477,82,4,25,1,0,3,910,038112,YAVI,Jujuy
48,6,435,24,0,0,15,0,46,23,5441,4,50,1,23,0,8,17,0,117,1,140,59,4,4,1,0,47,680,038070,SANTA BARBARA,Jujuy
1,8,1921,13,1,26,1,12,42,1,4418,1,31,0,4,0,13,0,1,31,2,350,49,3,11,0,31,1,584,038028,HUMAHUACA,Jujuy
5,447,9058,1127,6,5,276,2,2,54,56800,343,1089,8,21,8,55,16,16,2954,24,4682,657,154,1,44,0,61,13378,038021,DR.MANUEL BELGRANO,Jujuy
0,76,2990,84,1,0,21,18,41,8,13445,40,160,15,1,0,8,11,1,495,1,719,252,32,0,3,25,6,2456,038042,PALPALA,Jujuy
28,448,6,40,0,17,113,2,42,37,6522,144,89,649,0,1,1,3,267,513,11,5,1,1180,0,1,0,1,1060,054049,GRAL.MANUEL BELGRANO,Misiones
39,414,2,44,43,0,81,0,0,19,3271,82,42,286,0,12,1,2,100,180,5,1,2,490,48,5,0,1,530,054112,SAN PEDRO,Misiones
40,159,2,24,0,0,32,0,0,6,4396,85,51,157,0,1,0,3,138,211,1,3,9,587,22,7,0,4,465,054105,SAN JAVIER,Misiones
35,1102,31,18,41,16,113,0,16,22,3704,106,22,984,0,13,1,22,188,449,3,35,45,522,0,1,0,0,387,054119,25 DE MAYO,Misiones
0,2094,40,323,12,1,627,11,3,235,74785,978,1015,1282,32,59,34,28,692,6529,90,13,33,2377,11,36,39,54,14272,054028,CAPITAL,Misiones
14,1585,10,153,35,13,252,0,22,279,16889,712,189,1244,2,31,4,44,260,1255,31,1,5,2158,2,13,0,6,2696,054091,OBERA,Misiones
0,676,17,88,0,44,147,6,0,37,13590,207,139,552,1,5,3,10,138,1188,11,2,5,1062,5,4,0,15,4599,054063,IGUAZU,Misiones
23,723,2,43,28,29,107,1,0,69,18729,153,117,692,0,15,39,36,206,869,28,3,2,634,3,1,0,5,3512,054042,ELDORADO,Misiones
0,242,2,25,29,0,52,2,0,20,6425,71,55,126,0,1,2,2,49,396,15,0,2,379,44,1,0,0,1362,054021,CANDELARIA,Misiones
7,837,4,51,46,38,123,1,0,69,7791,546,108,703,24,6,1,4,240,492,3,3,1,697,1,9,0,8,842,054070,L.N.ALEM,Misiones
0,34,1,30,0,45,16,2,0,1,1634,91,27,10,0,1,28,0,44,91,4,0,0,147,0,6,38,3,298,054035,C.DE LA SIERRA,Misiones
0,886,3,82,0,45,104,33,1,63,9050,477,112,869,0,14,0,18,189,515,18,0,6,835,1,2,14,4,975,054014,CAINGUAS,Misiones
0,518,1,12,2,0,73,0,30,15,8670,31,73,396,13,10,1,3,129,322,3,8,4,173,0,0,44,4,1713,054084,MONTECARLO,Misiones
0,130,2,92,1,0,51,2,0,14,7871,559,47,86,0,3,2,9,139,419,3,1,1,802,0,44,39,1,1012,054007,APOSTOLES,Misiones
44,1977,2,66,0,17,50,1,0,37,6067,108,50,1314,0,19,3,6,90,416,32,1,4,400,11,1,32,0,1725,054077,L.G.SAN MARTIN,Misiones
0,580,6,59,0,0,101,0,0,20,12136,318,110,399,1,33,1,4,111,628,64,6,3,641,1,6,39,2,3015,054098,SAN IGNACIO,Misiones
7,1431,1,85,18,35,238,0,0,79,11295,363,92,983,2,38,0,20,361,543,13,0,2,2202,0,1,0,2,918,054056,GUARANI,Misiones
25,26,4,3,0,0,45,0,0,5,6113,18,70,8,1,15,0,1,7,230,1,1,1,72,0,0,0,3,2095,034042,PILAGAS,Formosa
24,75,13,37,0,25,225,4,0,33,19015,29,208,50,12,1,5,3,60,1314,2,5,6,419,1,1,15,31,5114,034049,PILCOMAYO,Formosa
4,24,30,11,1,4,4,0,0,1,3758,7,49,3,1,0,1,26,4,98,1,20,17,7,30,26,24,9,1058,034028,MATACOS,Formosa
0,3,13,21,17,0,20,43,21,15,3169,0,11,3,3,0,4,0,22,60,2,6,1,11,0,0,32,3,614,034063,RAMON LISTA,Formosa
22,58,13,10,0,0,41,1,28,2,6529,2,83,11,1,2,2,1,14,268,1,2,2,66,27,46,0,1,1641,034021,LAISHI,Formosa
0,15,14,13,0,9,9,0,30,8,3928,3,34,1,0,23,1,0,15,46,2,4,11,8,33,0,20,15,625,034007,BERMEJO,Formosa
1,72,103,87,41,0,64,17,0,2,27701,108,240,32,7,2,5,17,56,568,2,6,49,163,0,0,0,40,4365,034035,PATIÑO,Formosa
20,192,33,48,50,11,120,4,0,2,20709,115,211,169,2,1,21,22,70,1150,4,1,9,249,0,35,41,5,4341,034056,PIRANE,Formosa
0,470,69,144,0,1,530,4,2,23,49277,180,1067,191,10,13,57,18,291,3315,9,11,69,692,3,5,10,80,20585,034014,FORMOSA,Formosa
0,17,21,6,50,0,9,0,14,0,768,9,9,10,2,4,0,1,1,107,1,9,5,9,27,3,38,27,183,078049,RIO CHICO,Santa Cruz
0,30,34,14,1,3,26,41,9,3,1859,10,32,28,1,40,1,0,20,245,1,8,14,24,6,30,0,1,463,078035,LAGO BS AS,Santa Cruz
0,47,27,18,0,1,59,46,1,2,2084,10,30,45,28,1,10,0,31,333,0,13,14,10,18,12,0,4,500,078042,MAGALLANES,Santa Cruz
23,71,74,26,0,0,27,34,0,17,3145,15,82,15,0,1,1,5,25,266,3,23,7,25,0,16,30,13,642,078007,CORPEN AIKE,Santa Cruz
0,241,488,158,1,1,216,2,16,15,27681,114,346,128,9,15,9,3,203,1836,8,174,427,172,6,267,0,10,5750,078014,DESEADO,Santa Cruz
0,344,729,173,0,4,306,1,0,48,21434,164,268,168,9,17,4,6,114,2195,5,257,216,189,1,160,31,7,6139,078021,GUER AIKE,Santa Cruz
1,90,119,38,1,22,67,42,0,7,3685,21,110,51,2,3,3,1,51,946,4,31,41,42,3,19,0,1,692,078028,LAGO ARGENTINO,Santa Cruz
0,1,0,1,0,0,1,0,0,1,2175,1,2,40,10,0,0,0,6,27,27,37,1,66,22,48,6,1,320,074063,San Martin,San Luis
0,24,3,17,0,13,13,0,0,3,2885,5,22,2,48,2,0,38,14,369,1,9,1,36,0,4,31,1,614,074021,Pringles,San Luis
0,22,4,28,28,13,6,33,0,1,4799,10,37,6,1,43,2,3,19,311,1,50,0,23,1,3,0,0,563,074042,Dupuy,San Luis
9,10,8,55,0,1,4,0,48,1,6671,6,37,4,1,50,48,2,8,382,41,33,14,38,0,10,27,1,1448,074007,Ayacucho,San Luis
12,325,88,169,0,2,167,38,1,8,32197,77,278,91,5,6,8,20,116,4538,6,13,72,173,7,22,46,1,7763,074035,Pedernera,San Luis
48,69,6,42,9,24,6,13,40,26,4636,20,84,17,0,1,1,0,14,714,2,20,9,46,25,1,0,1,1298,074028,Chacabuco,San Luis
0,3,4,3,0,41,3,0,50,0,1341,2,6,3,0,0,0,0,2,48,10,0,2,8,43,3,32,0,214,074014,Belgrano,San Luis
50,124,5,46,1,0,36,1,10,6,9517,19,78,27,5,2,4,5,50,952,2,1,15,74,0,8,18,1,1971,074049,Junin,San Luis
3,249,128,385,13,2,179,4,1,16,50887,92,460,114,8,14,9,3,308,6338,7,23,139,400,4,59,22,1,9924,074056,Pueyrredon,San Luis
0,280,474,124,0,3,147,5,2,32,13703,90,269,161,3,10,9,9,114,3535,18,91,99,122,1,28,8,10,3241,094015,USHUAIA,Tierra del Fuego
43,2,1,1,0,35,0,50,0,8,28,0,1,1,0,41,34,26,0,5,8,30,27,39,0,0,9,11,8,094028,ANTARTIDA,Tierra del Fuego
1,273,407,156,1,1,114,2,1,24,14049,154,270,159,3,15,5,5,160,2177,17,125,140,169,1,63,49,10,5002,094008,RIO GRANDE,Tierra del Fuego
0,29,146,292,1,34,21,1,27,0,10896,9,60,1,0,2,19,1,0,523,1,34,63,30,1,3,33,5,2163,090028,FAMAILLA,Tucumán
0,272,223,699,1,41,241,3,23,48,25536,207,445,17,32,33,10,32,22,2915,16,62,179,64,12,25,0,48,3596,090119,YERBA BUENA,Tucumán
50,13,558,37,0,0,4,4,0,5,4628,9,42,1,3,1,3,1,0,283,8,59,180,1,38,1,0,1,723,090112,TRANCAS,Tucumán
0,6,1077,19,19,3,6,25,35,1,3269,8,18,2,3,1,1,2,1,81,20,70,115,15,45,8,23,0,632,090098,TAFI DEL VALLE,Tucumán
4,2215,1517,5612,42,18,1029,39,2,268,141278,1242,2963,98,167,198,162,139,147,14141,74,278,879,502,4,49,43,93,28449,090084,CAPITAL,Tucumán
0,116,183,592,6,34,91,1,21,14,19284,88,254,3,5,1,14,46,10,1257,6,38,196,10,7,15,0,8,4928,090021,CHICLIGASTA,Tucumán
0,58,87,537,0,6,23,45,47,14,18192,51,79,3,13,1,33,5,6,763,11,32,235,14,1,29,0,3,3317,090077,RIO CHICO,Tucumán
1,58,224,428,1,2,53,1,0,7,16088,55,98,2,5,18,12,6,10,1298,2,73,119,47,2,11,0,6,2617,090063,LULES,Tucumán
16,4,7,11,15,0,3,8,0,1,5118,5,18,2,0,0,5,37,5,92,4,2,19,2,0,1,10,2,596,090035,GRANEROS,Tucumán
23,63,135,602,1,0,186,4,0,18,19044,31,127,10,2,2,1,14,14,620,2,19,184,26,1,12,0,4,3528,090070,MONTEROS,Tucumán
0,22,60,236,1,1,98,35,0,8,22633,63,100,3,1,1,3,4,3,289,4,51,26,32,0,1,12,5,3779,090056,LEALES,Tucumán
0,91,58,267,31,0,82,4,0,3,12132,55,62,3,0,30,6,45,1,220,7,10,111,17,0,1,9,11,2103,090007,BURRUYACU,Tucumán
14,222,471,559,4,2,129,6,32,27,29838,185,348,7,15,10,18,38,9,2762,13,200,322,56,1,10,0,28,4779,090105,TAFI VIEJO,Tucumán
0,28,44,57,22,27,15,0,20,5,5380,25,21,2,0,0,4,36,1,163,0,3,17,7,1,1,15,0,1047,090049,LA COCHA,Tucumán
2,195,264,678,41,4,133,35,1,15,48011,145,327,31,2,6,27,18,25,1577,7,65,292,109,46,6,8,55,9200,090014,CRUZ ALTA,Tucumán
0,15,10,102,23,2,9,0,0,6,10419,11,49,7,39,0,11,25,25,187,2,4,19,15,23,49,0,0,1742,090091,SIMOCA,Tucumán
21,49,38,210,0,0,25,29,0,5,7716,28,142,14,0,9,5,3,6,367,5,33,112,13,18,6,0,3,2169,090042,ALBERDI,Tucumán
0,1300,164,825,0,7,476,4,1,124,92652,176,896,384,18,40,15,26,690,9751,87,47,132,420,5,1236,20,8,12166,062042,GENERAL ROCA,Rio Negro
14,1,0,16,0,0,11,0,45,2,664,0,14,1,1,0,0,22,10,22,45,30,1,1,0,69,24,11,115,062049,9 DE JULIO,Rio Negro
0,154,121,52,39,12,47,3,2,5,7530,20,126,63,0,1,5,1,88,875,1,21,15,65,12,122,0,1,1869,062014,AVELLANEDA,Rio Negro
45,11,2,19,0,0,31,0,0,41,1049,4,46,5,28,1,2,6,4,109,40,26,9,5,0,122,0,0,204,062084,VALCHETA,Rio Negro
1,798,120,221,1,17,414,2,0,92,28286,286,389,617,10,55,11,20,312,5405,28,24,38,147,2,804,9,3,6069,062021,BARILOCHE,Rio Negro
35,36,2,10,3,1,12,1,0,11,1218,4,37,23,0,1,0,0,18,203,1,0,3,4,0,95,0,1,199,062070,PILCANIYEU,Rio Negro
0,450,69,108,1,17,149,1,0,58,11536,100,220,199,1,12,29,22,192,2536,6,16,40,87,2,480,0,2,2836,062007,ADOLFO ALSINA,Rio Negro
0,2,4,4,0,38,1,24,15,47,315,3,32,6,41,0,20,0,10,11,0,0,0,4,25,32,0,0,46,062056,ÑORQUINCO,Rio Negro
0,115,65,82,0,0,97,0,42,13,5795,47,69,70,6,3,1,3,73,755,4,21,22,36,0,189,0,3,1290,062077,SAN ANTONIO,Rio Negro
0,3,7,16,0,2,8,0,44,0,648,3,13,1,0,0,12,0,7,44,3,35,49,9,26,71,0,0,169,062035,EL CUY,Rio Negro
0,12,11,44,0,0,17,0,0,2,2542,8,83,9,21,23,1,0,24,220,0,2,1,4,0,207,4,3,572,062091,25 DE MAYO,Rio Negro
0,132,8,15,19,30,25,33,45,11,3826,13,45,80,3,2,2,1,56,528,0,3,6,22,0,25,0,24,742,062063,PICHI MAHUIDA,Rio Negro
0,51,14,12,39,0,42,40,10,1,1066,6,13,20,1,3,1,2,31,220,1,1,2,4,0,19,0,46,334,062028,CONESA,Rio Negro
0,0,1,15,0,45,3,0,0,0,1303,1,16,1,0,43,2,36,4,35,0,0,35,1,0,21,0,0,226,070112,Ullum,San Juan
2,166,32,344,4,29,170,4,2,36,22007,58,280,97,5,17,25,10,132,4119,19,9,152,115,1,104,40,1,4789,070028,Capital,San Juan
22,12,45,40,0,1,24,1,1,0,9083,4,140,4,1,0,11,31,49,392,1,6,135,34,0,85,0,0,2723,070070,Pocito,San Juan
0,3,3,8,18,0,1,2,18,15,2343,2,25,4,0,30,38,25,26,80,1,1,14,5,38,14,0,0,407,070021,Calingasta,San Juan
0,0,0,8,35,2,1,39,0,36,1567,1,23,1,0,27,7,50,7,21,0,0,10,1,17,12,13,4,211,070133,Zonda,San Juan
0,61,56,188,31,4,63,2,26,1,29039,42,258,33,11,2,58,2,78,1862,4,13,533,100,0,101,25,0,5872,070077,Rawson,San Juan
47,5,10,20,0,2,4,0,0,0,7493,15,45,32,6,0,38,0,9,97,0,2,71,33,13,11,0,9,783,070007,Albardón,San Juan
6,14,4,19,0,10,18,2,0,21,6169,6,23,1,0,1,7,34,11,129,0,5,56,6,0,29,5,0,1033,070105,Sarmiento,San Juan
42,2,18,4,0,0,1,3,11,3,1841,1,15,1,9,41,2,0,2,39,35,0,6,1,27,25,0,0,289,070049,Iglesia,San Juan
0,1,5,36,0,0,11,47,0,4,2151,4,22,2,1,0,7,0,6,46,19,1,21,5,45,17,0,1,637,070063,9 de Julio,San Juan
8,2,1,6,11,0,2,1,0,48,4042,0,17,1,1,2,1,24,2,41,19,0,105,1,44,48,10,22,1106,070126,25 de Mayo,San Juan
34,5,43,19,0,0,8,0,17,2,5153,17,78,1,1,14,37,0,7,154,31,4,203,22,17,11,36,0,1114,070056,Jachal,San Juan
21,1,1,25,0,37,9,40,36,1,3055,2,26,1,0,0,3,20,21,136,0,0,48,1,36,9,0,1,697,070091,San Martín,San Juan
27,4,38,32,0,0,3,2,13,0,2440,1,11,25,1,0,5,25,8,69,31,2,22,14,17,10,0,0,496,070014,Angaco,San Juan
0,88,55,197,40,11,85,5,1,14,24094,51,184,32,2,1,25,1,70,1493,4,8,173,49,0,62,25,2,3787,070084,Rivadavia,San Juan
0,29,40,62,0,1,55,0,46,2,25324,6,173,11,10,2,38,0,36,560,4,9,400,43,26,88,15,17,2708,070042,Chimbas,San Juan
14,1,1,6,0,0,4,0,0,17,2294,48,2,1,3,41,5,40,1,31,23,36,40,2,45,1,35,15,318,070119,Valle Fértil,San Juan
33,6,11,60,0,13,10,1,18,0,8822,4,118,5,10,27,48,0,22,311,1,46,164,11,0,74,0,22,1742,070035,Caucete,San Juan
0,31,22,95,0,3,24,1,22,3,12940,14,77,28,5,1,17,2,86,695,2,6,117,68,1,31,16,1,2328,070098,Santa Lucia,San Juan
1,597,663,761,22,6,352,21,7,50,53064,272,648,251,42,82,27,30,617,16178,98,241,270,665,4,24,6,29,10562,002028,COMUNA N° 4,Capital Federal
3,1032,467,692,18,3,454,107,162,106,43594,458,766,516,29,424,29,30,598,17867,151,114,148,578,5,22,0,17,5830,002049,COMUNA N° 7,Capital Federal
0,551,274,430,15,8,321,19,31,49,29908,345,581,254,48,55,23,16,654,15579,141,75,108,423,2,16,33,4,6771,002063,COMUNA N° 9,Capital Federal
3,3299,255,1109,17,10,1041,128,14,169,38781,786,1121,1238,51,444,31,111,904,18486,194,49,127,526,4,25,0,20,7500,002098,COMUNA N°14,Capital Federal
2,1735,217,701,10,2,1023,38,6,207,31650,519,1169,879,23,260,13,57,751,13842,100,40,127,361,6,14,37,12,6893,002014,COMUNA N° 2,Capital Federal
1,1362,418,524,8,6,553,124,38,78,32144,591,678,500,40,213,28,42,697,17305,267,156,148,475,4,31,0,16,5365,002035,COMUNA N° 5,Capital Federal
5,1832,134,792,12,4,506,96,19,75,31462,547,936,468,46,192,26,40,714,20247,203,46,131,415,1,14,0,13,5513,002077,COMUNA N°11,Capital Federal
7,2890,170,1171,31,8,1072,189,14,206,26795,1153,943,1388,34,489,31,86,1042,22326,300,48,119,459,3,31,39,16,7917,002091,COMUNA N°13,Capital Federal
3,975,177,832,18,4,463,65,59,69,27835,320,638,343,37,172,21,27,515,14258,173,30,88,447,4,21,0,13,4734,002070,COMUNA N°10,Capital Federal
1,2285,199,840,19,9,604,96,13,61,39678,861,704,860,43,346,24,67,522,14463,153,55,173,386,1,26,6,8,4792,002105,COMUNA N°15,Capital Federal
3,1550,112,593,25,4,585,109,11,80,25116,450,574,739,50,157,23,40,1112,19423,152,45,119,516,2,18,0,11,4847,002084,COMUNA N°12,Capital Federal
2,1641,636,694,10,6,533,144,49,75,39006,494,1010,596,35,354,23,43,664,15064,153,208,283,290,7,20,32,18,8794,002021,COMUNA N° 3,Capital Federal
1,536,398,378,8,3,353,9,8,17,33263,235,563,214,33,25,24,13,391,8847,49,89,182,374,0,33,0,28,8964,002056,COMUNA N° 8,Capital Federal
26,1186,614,508,11,3,777,89,15,128,52990,462,1222,560,30,137,20,28,690,15181,156,229,224,578,5,26,0,23,8448,002007,COMUNA N° 1,Capital Federal
0,1039,219,542,18,4,607,90,38,54,33318,601,904,456,30,154,30,50,553,12664,164,46,83,479,1,20,0,14,5909,002042,COMUNA N° 6,Capital Federal
45,15,2,45,21,11,71,0,0,3,3289,5,72,21,2,1,1,2,46,1082,1,2,0,34,0,95,0,19,834,006385,GENERAL VIAMONTE,Buenos Aires
22,78,1,26,0,44,47,3,18,5,1950,7,81,60,2,4,9,0,51,810,2,1,1,50,36,9,0,1,516,006343,GENERAL PAZ,Buenos Aires
0,39,3,48,38,0,46,13,0,2,3773,9,66,34,0,2,2,0,33,928,3,1,6,25,1,4,50,0,671,006329,LAS HERAS,Buenos Aires
15,100,1,25,0,9,26,41,0,37,1539,7,46,51,44,10,2,1,17,602,0,1,1,6,12,3,0,1,352,006553,MONTE HERMOSO,Buenos Aires
42,13,0,6,4,31,40,0,8,1,995,1,36,17,2,0,0,2,15,389,16,1,28,3,38,0,0,0,321,006466,LEZAMA,Buenos Aires
0,132,1,41,11,0,76,0,1,17,5164,33,98,46,0,1,4,41,88,2809,16,1,16,19,2,0,0,1,893,006707,SALADILLO,Buenos Aires
1,86,9,55,34,44,50,42,36,13,4261,1,48,27,1,0,1,4,52,1275,2,1,4,61,1,1,5,1,761,006574,NAVARRO,Buenos Aires
0,109,6,26,21,0,79,1,0,5,5181,34,76,37,34,2,0,8,79,1851,2,1,8,34,22,3,15,0,1622,006518,MAR CHIQUITA,Buenos Aires
0,62,22,99,3,0,63,3,46,7,7327,23,170,32,1,1,4,2,206,2857,6,0,16,103,0,72,50,1,1619,006112,BRAGADO,Buenos Aires
0,454,53,137,40,1,147,6,0,19,20206,179,388,182,6,4,4,17,139,5324,17,20,27,179,2,9,0,3,4078,006126,CAMPANA,Buenos Aires
0,4601,186,583,1,12,552,3,3,202,42259,412,1082,1588,17,137,35,25,910,12619,30,35,112,342,1,313,0,6,11170,006056,BAHIA BLANCA,Buenos Aires
0,271,17,71,3,34,64,0,29,127,3887,4,62,123,0,2,13,1,73,1188,15,1,4,19,0,12,22,0,829,006189,CORONEL DORREGO,Buenos Aires
0,176,170,62,1,1,95,21,48,16,18873,87,194,63,2,6,9,6,153,1582,35,35,73,197,1,3,0,4,3516,006648,PRESIDENTE PERON,Buenos Aires
0,52,4,26,1,7,97,0,0,1,3678,18,96,20,0,0,1,0,45,1164,1,2,1,17,0,37,26,1,623,006161,CARMEN DE ARECO,Buenos Aires
1,657,463,412,6,3,574,5,1,41,62541,379,537,496,27,35,18,32,493,12114,51,48,224,578,4,37,29,28,14758,006260,ESTEBAN ECHEVERRIA,Buenos Aires
27,2356,902,1438,12,18,1770,40,4,157,152568,921,2357,985,163,169,69,102,2070,53009,270,107,420,1514,2,80,0,78,22601,006441,LA PLATA,Buenos Aires
0,50,1,13,18,1,23,0,0,1,1973,5,43,15,19,3,35,0,24,316,1,13,0,18,31,1,0,29,259,006847,TRES LOMAS,Buenos Aires
0,569,101,241,2,1,376,4,0,75,38121,231,411,260,7,24,25,17,279,8020,26,31,154,406,1,12,0,2,8012,006749,SAN FERNANDO,Buenos Aires
0,198,61,161,39,1,105,0,0,35,13122,54,181,90,10,1,2,6,160,2614,12,9,26,133,0,28,0,4,3439,006778,SAN VICENTE,Buenos Aires
0,40,11,21,0,0,69,3,42,0,3243,16,154,19,8,0,2,1,38,1060,1,46,2,46,31,0,0,12,781,006462,LEANDRO N. ALEM,Buenos Aires
17,77,4,95,0,0,126,0,26,3,8397,29,141,53,7,1,54,4,167,5458,4,4,13,146,1,7,42,3,1546,006210,CHACABUCO,Buenos Aires
0,101,8,25,2,13,49,0,1,2,2713,61,89,58,16,1,0,0,12,890,20,4,1,19,7,28,48,7,654,006140,CAPITAN SARMIENTO,Buenos Aires
47,77,6,29,18,29,61,0,22,1,4481,16,102,24,0,0,0,1,50,2137,3,2,1,27,0,44,34,0,786,006728,SAN ANDRES DE GILES,Buenos Aires
0,71,6,31,0,0,79,2,0,8,6553,16,158,27,3,1,3,1,80,1766,8,0,1,19,11,3,18,5,1427,006392,GENERAL VILLEGAS,Buenos Aires
0,253,70,115,0,1,95,1,39,10,18054,77,298,141,1,15,11,6,138,3330,13,8,46,189,2,7,35,2,3304,006364,GENERAL RODRIGUEZ,Buenos Aires
0,122,1,14,19,2,13,1,0,106,1696,5,28,36,1,0,0,5,17,628,1,33,1,8,0,0,36,0,357,006742,SAN CAYETANO,Buenos Aires
0,523,66,149,0,1,181,9,0,39,19359,185,593,255,24,4,5,27,239,6799,17,14,27,244,5,1,24,5,4472,006882,ZARATE,Buenos Aires
2,566,246,257,3,6,456,7,1,49,40106,255,563,298,8,26,15,25,402,11036,62,43,189,341,6,21,48,7,6175,006410,ITUZAINGO,Buenos Aires
21,58,6,6,1,0,119,8,50,3,2322,3,27,28,0,1,38,34,46,966,3,1,1,43,0,1,0,2,612,006784,SUIPACHA,Buenos Aires
0,363,52,289,2,6,199,21,0,26,18079,279,237,122,12,5,3,18,146,4682,18,9,43,172,45,18,33,4,3020,006098,BERISSO,Buenos Aires
23,790,45,228,2,4,292,1,33,583,17361,103,495,206,2,2,4,9,387,6172,33,1,9,140,1,15,19,2,5077,006581,NECOCHEA,Buenos Aires
0,350,7,235,0,0,140,0,0,453,11750,26,314,227,1,9,6,43,267,4345,4,2,33,48,0,17,0,0,2228,006833,TRES ARROYOS,Buenos Aires
42,252,16,91,0,0,145,0,0,8,15506,94,282,75,16,3,16,21,139,2937,6,2,20,98,23,7,0,1,2132,006770,SAN PEDRO,Buenos Aires
0,1187,4,13,0,0,61,8,45,48,3375,20,160,277,28,41,1,6,24,636,1,0,1,13,0,4,44,26,432,006651,PUAN,Buenos Aires
1,616,66,157,1,2,212,5,35,20,21911,105,365,180,2,10,1,5,326,8514,34,29,33,266,1,18,0,6,4212,006497,LUJAN,Buenos Aires
0,20,2,32,0,0,36,34,24,1,2788,3,52,13,1,0,13,3,35,770,1,0,1,47,0,1,19,25,585,006351,GENERAL PINTO,Buenos Aires
25,1318,632,358,3,1,412,5,46,72,133150,451,1085,258,30,19,48,25,515,7443,286,182,266,765,1,42,0,33,19688,006274,FLORENCIO VARELA,Buenos Aires
33,21,1,10,25,47,35,0,0,7,2367,3,44,2,1,1,46,6,35,550,2,0,0,9,0,1,0,0,376,006277,F.AMEGHINO,Buenos Aires
0,1226,198,331,1,0,355,8,1,49,43576,271,645,353,14,33,11,31,405,9894,50,79,202,352,1,16,0,16,9218,006408,HURLINGHAM,Buenos Aires
0,165,53,46,1,1,54,1,50,13,7037,36,108,90,3,4,3,2,54,1118,1,2,16,78,1,5,0,3,1198,006266,EXALTACION DE LA CRUZ,Buenos Aires
10,30,1,10,0,0,30,9,9,1,2751,11,81,8,13,6,0,7,23,416,2,0,0,5,28,2,0,0,488,006406,HIPOLITO YRIGOYEN,Buenos Aires
41,185,9,68,49,18,89,0,0,10,8183,26,203,137,21,5,1,3,80,2191,13,1,9,54,14,2,8,1,1108,006070,BARADERO,Buenos Aires
0,81,1,83,44,7,56,14,23,15,7136,11,125,41,5,2,8,2,76,3409,8,9,3,42,0,30,28,0,1298,006854,VEINTICINCO DE MAYO,Buenos Aires
44,246,39,48,3,3,121,50,0,10,7169,75,118,71,3,5,4,4,111,1490,3,8,11,87,18,1,21,4,1294,006868,VILLA GESELL,Buenos Aires
3,66,3,29,0,1,78,5,1,23,3132,4,67,42,0,6,1,1,27,1210,1,1,1,29,11,1,0,1,902,006301,GENERAL BELGRANO,Buenos Aires
1,1296,463,374,1,6,444,9,2,63,53940,313,962,630,18,38,25,86,596,8991,140,73,210,545,2,31,19,30,11756,006760,SAN MIGUEL,Buenos Aires
13,85,2,42,22,17,64,38,50,20,3534,3,111,57,1,4,3,6,51,735,8,1,3,35,5,0,48,41,881,006476,LOBERIA,Buenos Aires
0,72,9,37,34,2,124,5,0,1,8206,44,202,21,5,1,0,5,195,3927,8,1,2,91,4,3,0,49,2101,006469,LINCOLN,Buenos Aires
23,1337,453,519,3,2,498,2,0,47,91196,626,1065,558,10,22,30,23,578,11823,77,115,267,810,3,53,0,22,14941,006091,BERAZATEGUI,Buenos Aires
28,189,21,705,1,0,275,2,27,20,22377,219,447,97,3,10,25,7,239,12890,10,3,80,157,1,5,0,0,4362,006623,PERGAMINO,Buenos Aires
16,13,2,14,0,28,47,0,0,2,2388,8,43,27,0,21,1,0,28,1269,1,4,1,22,0,35,41,1,463,006693,ROQUE PEREZ,Buenos Aires
1,120,8,67,31,1,102,30,36,22,8322,49,148,80,5,5,6,11,133,2132,5,2,8,77,2,3,12,1,1484,006280,GENERAL ALVARADO,Buenos Aires
1,30,6,23,50,1,16,27,0,3,1964,31,101,27,6,1,8,0,43,604,43,3,6,26,0,3,0,1,546,006655,PUNTA INDIO,Buenos Aires
49,265,13,363,22,3,226,1,1,19,22680,99,403,104,28,4,17,4,264,8580,24,3,22,219,42,52,31,2,3612,006413,JUNIN,Buenos Aires
17,2815,379,875,15,12,663,32,5,71,84729,633,1010,1650,64,87,37,69,898,28278,118,133,357,864,10,41,30,59,12980,006371,GENERAL SAN MARTIN,Buenos Aires
0,142,2,18,1,0,123,1,4,2,3034,21,116,37,45,4,44,1,70,2140,3,1,3,59,1,0,0,1,838,006735,SAN ANTONIO DE ARECO,Buenos Aires
0,16,2,9,40,43,44,8,0,4,2677,3,29,19,3,0,1,34,109,726,0,1,19,15,0,0,0,0,700,006287,GENERAL ALVEAR,Buenos Aires
0,48,13,2,0,0,29,13,2,1,2352,5,47,6,0,1,6,0,26,1731,1,30,5,14,0,6,0,0,324,006021,ALBERTI,Buenos Aires
23,36,2,53,0,1,56,0,0,18,5097,18,144,34,0,1,1,0,38,1356,4,0,1,36,0,1,12,0,1539,006042,AYACUCHO,Buenos Aires
42,910,316,322,1,5,379,4,8,25,66031,243,604,310,8,13,22,18,249,5571,123,94,328,566,7,17,3,32,12655,006412,J.C.PAZ,Buenos Aires
0,123,4,37,0,0,61,4,0,14,8685,23,186,46,2,6,19,3,71,2112,16,4,5,27,41,2,39,0,1562,006609,PEHUAJO,Buenos Aires
0,30,1,29,16,0,37,0,0,33,1879,2,62,15,0,1,2,18,25,625,4,1,3,23,30,0,0,15,492,006798,TAPALQUE,Buenos Aires
2,1890,875,764,18,8,1198,13,1,118,158900,925,2299,1016,61,80,66,45,1537,36801,219,118,683,1450,7,48,49,98,27192,006490,LOMAS DE ZAMORA,Buenos Aires
35,82,5,38,0,3,72,1,14,24,6694,37,83,79,1,2,5,2,70,1344,2,0,6,90,0,10,11,2,1222,006119,BRANDSEN,Buenos Aires
2,1496,791,268,0,6,333,13,9,30,40418,207,722,559,28,19,11,28,300,8086,113,51,195,498,4,28,27,17,8376,006252,ESCOBAR,Buenos Aires
35,142,7,177,0,0,114,3,33,17,9237,43,178,47,1,1,4,13,128,3104,2,0,1,85,1,6,26,1,2543,006063,BALCARCE,Buenos Aires
0,62,1,33,48,1,39,0,48,42,2620,1,19,34,39,1,1,0,29,1111,2,40,9,28,27,5,0,0,631,006014,GONZALES CHAVES,Buenos Aires
4,988,335,484,9,3,473,12,2,90,81428,995,1238,441,50,67,25,34,1233,19078,77,108,283,1085,1,40,0,19,13592,006035,AVELLANEDA,Buenos Aires
0,68,1,48,10,0,30,26,43,2,4568,21,166,36,3,3,13,1,54,1634,2,2,8,65,32,5,17,1,817,006686,ROJAS,Buenos Aires
23,1421,37,236,0,7,304,1,0,72,18230,92,694,583,7,48,63,6,299,8160,10,6,39,243,0,19,42,22,3400,006595,OLAVARRIA,Buenos Aires
0,205,14,53,0,0,108,4,2,11,9135,12,370,111,5,7,4,9,105,3245,20,44,3,51,1,15,34,1,1389,006826,TRENQUE LAUQUEN,Buenos Aires
1,328,230,76,3,1,94,1,40,31,17041,77,254,208,6,14,7,4,135,2903,3,57,56,56,1,11,0,4,1891,006182,CORONEL ROSALES,Buenos Aires
2,1873,447,406,4,7,411,6,49,35,85519,249,849,683,11,32,11,38,345,6804,78,160,654,585,27,28,26,67,15138,006515,MALVINAS ARGENTINAS,Buenos Aires
0,7,44,6,50,9,6,40,0,3,771,1,8,7,42,0,45,29,11,151,44,10,2,5,35,1,49,0,169,006336,GENERAL LAVALLE,Buenos Aires
28,79,44,31,50,0,57,1,48,11,1713,3,68,63,0,2,10,0,42,411,4,28,1,22,0,1,0,2,660,006448,LAPRIDA,Buenos Aires
37,564,150,94,24,11,71,43,14,26,6528,37,90,288,0,1,1,5,55,1323,2,21,24,60,1,50,0,5,1187,006875,VILLARINO,Buenos Aires
17,689,8,32,0,0,55,47,6,28,2496,48,70,267,18,2,21,1,65,729,31,1,5,31,45,23,0,0,644,006007,ADOLFO ALSINA,Buenos Aires
21,96,11,88,15,25,208,2,25,21,5518,31,251,82,2,3,2,4,165,2184,4,3,2,38,2,1,3,3,2887,006217,CHASCOMUS,Buenos Aires
32,1154,8,26,0,1,166,0,12,18,2967,59,261,172,1,16,5,2,125,1023,0,2,23,45,42,8,13,29,699,006700,SAAVEDRA,Buenos Aires
0,538,37,247,2,2,231,1,0,320,24333,167,474,224,8,41,3,16,440,7821,13,4,40,185,1,11,13,1,6624,006791,TANDIL,Buenos Aires
0,131,69,78,0,3,127,0,0,17,13215,69,177,71,2,9,4,8,97,1567,34,19,52,134,1,10,1,1,2404,006525,MARCOS PAZ,Buenos Aires
2,2338,564,704,4,5,930,10,1,112,112342,777,1739,843,47,130,67,61,1129,36500,168,131,366,1418,13,63,37,30,27333,006658,QUILMES,Buenos Aires
22,314,54,121,0,1,171,0,3,32,12081,55,365,86,2,22,4,2,144,3580,1,2,51,109,8,17,0,2,3847,006049,AZUL,Buenos Aires
48,80,20,50,22,0,66,16,25,5,6117,26,68,22,2,1,1,10,63,2605,16,2,8,39,22,15,46,4,1580,006665,RAMALLO,Buenos Aires
32,196,61,138,1,0,97,2,0,8,14678,75,207,96,4,4,3,10,132,3512,7,16,44,246,1,4,0,3,2796,006245,ENSENADA,Buenos Aires
30,20,1,11,0,14,28,0,2,1,2253,2,41,20,0,0,0,0,55,731,1,13,1,11,0,1,22,4,726,006511,MAIPU,Buenos Aires
3,624,271,261,27,1,209,1,1,10,35322,144,362,135,20,14,6,9,256,5709,51,64,182,424,4,9,37,13,6444,006270,EZEIZA,Buenos Aires
28,157,3,6,0,34,65,30,0,1,5214,3,47,53,0,14,0,2,39,524,0,2,1,16,0,8,45,2,880,006231,DAIREAUX,Buenos Aires
48,143,5,56,0,1,155,0,0,6,5894,15,186,56,6,2,4,3,61,4440,4,1,2,40,50,1,50,2,1330,006483,LOBOS,Buenos Aires
1,1659,526,349,2,10,602,15,23,131,70371,203,905,537,15,37,34,30,454,7447,48,53,182,815,15,16,45,20,11063,006638,PILAR,Buenos Aires
0,90,2,27,36,9,13,30,0,1,5904,50,85,23,1,2,4,0,39,2402,1,1,7,19,27,15,0,1,805,006175,COLON,Buenos Aires
35,10,2,9,19,36,4,0,10,20,455,0,4,2,0,17,0,23,19,55,0,26,0,0,0,7,5,1,158,006812,TORDILLO,Buenos Aires
0,1492,311,708,9,14,514,22,1,63,83435,611,1201,515,25,46,33,34,818,25196,121,70,341,718,1,30,0,23,11359,006568,MORON,Buenos Aires
3,1591,422,803,22,5,601,8,2,77,121477,1313,1369,698,54,128,47,60,1304,35018,111,71,375,1129,6,36,0,39,18616,006434,LANUS,Buenos Aires
0,165,6,5,47,36,30,19,34,9,2458,6,45,45,41,9,12,24,44,495,1,1,1,6,0,2,44,38,694,006322,GENERAL LAMADRID,Buenos Aires
0,74,9,17,0,7,44,0,0,1,3640,18,110,22,1,2,3,7,69,803,31,1,1,24,0,3,0,0,766,006679,RIVADAVIA,Buenos Aires
0,63,2,53,22,2,115,0,42,15,4126,13,117,47,0,3,27,1,84,2301,4,0,3,52,0,1,45,2,1011,006455,LAS FLORES,Buenos Aires
2,1093,1033,670,2,1,664,11,18,83,110545,505,1224,514,30,56,24,44,702,19643,168,269,699,776,8,53,0,41,21187,006539,MERLO,Buenos Aires
0,107,1,45,1,0,101,27,27,3,4739,12,114,20,5,1,1,3,61,1444,2,3,2,23,2,2,43,35,1014,006147,CARLOS CASARES,Buenos Aires
17,361,3,9,27,1,49,0,0,17,2475,11,70,155,17,13,0,0,37,841,1,1,5,17,0,8,11,7,506,006819,TORNQUIST,Buenos Aires
0,125,12,42,29,43,47,2,0,2,6838,99,176,83,0,29,2,1,107,2468,2,4,37,64,3,27,32,1,1223,006714,SALTO,Buenos Aires
5,2551,175,804,33,4,1286,47,1,136,46698,604,1122,962,75,205,23,94,778,25302,138,30,136,522,14,34,0,15,6930,006861,VICENTE LOPEZ,Buenos Aires
0,185,5,32,44,1,100,0,0,2,9851,12,145,62,0,3,1,0,107,1659,1,1,2,40,0,1,0,2,2139,006105,BOLIVAR,Buenos Aires
0,23,1,100,0,2,26,9,0,2,2894,26,82,8,2,4,3,3,84,1811,0,50,8,24,8,1,0,1,600,006294,GENERAL ARENALES,Buenos Aires
0,349,1,30,0,2,109,0,0,37,5429,19,171,150,1,20,8,0,73,1060,0,1,2,18,0,2,45,14,1226,006196,CORONEL PRINGLES,Buenos Aires
0,97,7,28,4,11,91,46,0,3,4183,16,89,31,4,5,2,0,78,1332,1,1,20,34,0,1,0,2,1005,006547,MONTE,Buenos Aires
4,1891,266,403,1,4,789,10,1,106,82018,466,1064,752,15,67,20,48,1020,14195,75,141,207,971,2,18,0,38,22053,006805,TIGRE,Buenos Aires
0,18,3,22,6,39,17,31,0,3,1525,7,52,20,0,0,0,1,46,438,2,0,1,21,50,22,0,2,379,006168,CASTELLI,Buenos Aires
0,199,4,93,0,0,97,1,1,10,9724,18,144,55,6,4,3,2,150,4806,6,0,2,44,2,12,31,1,1804,006588,NUEVE DE JULIO,Buenos Aires
1,1516,774,639,14,2,1249,17,1,112,110878,947,1743,749,67,63,42,77,1247,19833,381,125,466,1065,7,55,0,84,23674,006028,ALMIRANTE BROWN,Buenos Aires
2,112,20,57,43,2,95,29,36,6,7066,47,182,29,0,7,12,35,117,1841,0,2,11,42,0,1,0,1,1518,006077,ARRECIFES,Buenos Aires
0,21,0,3,40,39,20,0,30,1,740,1,13,4,8,1,2,0,15,147,0,30,1,2,0,0,0,0,237,006630,PILA,Buenos Aires
11,2777,206,718,17,2,1664,33,1,226,71800,656,1773,1533,53,94,25,118,840,22375,125,44,154,520,7,15,41,14,12696,006756,SAN ISIDRO,Buenos Aires
37,130,1,11,15,22,20,7,0,1,2127,3,50,19,7,0,1,1,11,451,41,0,11,34,0,8,18,18,309,006721,SALLIQUELO,Buenos Aires
4,3170,2547,1544,11,23,1316,30,9,203,262320,1086,3281,1287,92,115,98,119,2275,64866,145,542,1420,2580,9,218,49,146,58044,006427,MATANZA,Buenos Aires
40,191,1,15,0,0,38,10,49,7,2766,9,44,54,1,0,45,1,39,458,47,45,2,9,2,0,25,0,424,006399,GUAMINI,Buenos Aires
0,1692,890,601,2,6,486,12,5,114,95312,347,834,496,12,45,62,41,456,11155,99,94,346,1009,2,29,8,30,22734,006560,MORENO,Buenos Aires
0,3406,3,49,2,0,187,3,42,37,5260,81,178,863,3,43,4,1,103,954,3,3,4,38,3,2,14,1,1485,006203,CORONEL SUAREZ,Buenos Aires
0,1531,131,214,19,1,279,1,2,38,36411,194,618,417,15,8,9,43,331,9357,7,14,93,194,2,13,0,3,5827,006763,SAN NICOLAS,Buenos Aires
44,141,63,37,1,1,80,1,0,5,5107,42,92,52,3,5,1,9,64,1326,6,3,25,55,0,1,0,10,1522,006644,PINAMAR,Buenos Aires
2,1426,412,807,12,3,447,19,8,60,87157,448,1072,480,28,87,29,33,626,23745,137,109,300,897,2,28,0,34,12471,006840,TRES DE FEBRERO,Buenos Aires
3,2640,366,1303,5,10,1492,17,5,382,174777,719,2239,1236,41,166,40,115,1506,43684,208,89,381,1240,4,134,0,16,33909,006357,GENERAL PUEYRREDON,Buenos Aires
19,191,33,73,1,28,215,8,1,2,9279,62,204,97,1,3,16,3,183,5126,20,11,38,153,0,7,9,4,3069,006532,MERCEDES,Buenos Aires
0,34,6,22,0,0,35,0,23,3,3077,12,54,3,2,1,2,1,27,523,1,1,0,32,45,0,13,0,508,006154,CARLOS TEJEDOR,Buenos Aires
44,110,9,140,0,15,184,0,0,2,4761,38,147,31,0,3,1,2,110,1838,0,0,4,9,0,7,0,7,1501,006238,DOLORES,Buenos Aires
13,48,2,65,0,9,62,31,0,4,4150,28,69,26,1,1,42,48,37,759,20,1,7,30,17,4,0,1,1382,006315,GENERAL MADARIAGA,Buenos Aires
36,125,4,101,6,50,167,3,0,7,11997,53,306,61,0,3,4,19,154,9988,12,3,27,106,1,10,44,2,1840,006224,CHIVILCOY,Buenos Aires
34,127,20,61,0,1,33,0,0,42,4226,12,107,51,0,14,1,1,58,1313,11,0,11,21,31,2,0,0,942,006084,JUAREZ,Buenos Aires
22,5,0,6,18,0,6,22,0,1,396,2,14,3,0,46,28,46,14,114,0,3,0,11,4,0,30,48,185,006308,GENERAL GUIDO,Buenos Aires
0,993,51,99,34,34,133,0,0,37,4477,51,177,321,3,10,1,20,130,979,2,8,6,38,33,160,0,1,990,006602,PATAGONES,Buenos Aires
8,229,35,111,0,35,100,4,0,12,11578,38,133,71,17,1,1,3,142,1997,30,15,28,78,3,8,0,3,1718,006134,CAÑUELAS,Buenos Aires
36,29,2,3,11,0,9,43,33,1,924,2,48,19,1,2,0,0,12,271,0,1,0,13,0,0,0,41,239,006616,PELLEGRINI,Buenos Aires
0,230,51,113,28,1,267,39,0,17,15859,77,291,159,4,24,7,16,176,5183,20,8,35,199,15,7,40,4,3021,006420,LA COSTA,Buenos Aires
0,41,13,17,7,1,20,16,2,1,3891,9,59,14,20,1,5,3,90,870,0,6,15,44,25,1,37,1,903,006505,MAGDALENA,Buenos Aires
41,70,2,18,0,0,24,0,0,5,1949,1,88,60,0,1,28,28,55,1128,0,33,10,12,0,1,43,1,1199,006672,RAUCH,Buenos Aires
0,19,327,69,1,21,2,40,17,1,6412,2,41,1,0,50,16,0,1,164,3,45,318,7,0,14,0,0,1218,010105,TINOGASTA,Catamarca
0,0,34,1,1,50,0,17,25,0,456,1,1,38,0,0,0,38,4,1,0,39,20,0,39,0,14,0,106,010028,ANTOFAGASTA DE LA SIERRA,Catamarca
15,23,545,26,46,25,2,0,0,1,10567,1,93,1,0,1,0,1,5,96,0,150,637,20,7,1,0,1,1415,010035,BELEN,Catamarca
0,2,27,5,19,0,14,35,0,1,1277,4,2,18,0,1,0,0,2,41,0,0,4,9,30,0,0,24,245,010056,EL ALTO,Catamarca
0,1,5,23,0,11,46,21,0,0,1590,3,3,0,0,1,0,1,41,60,0,1,19,3,0,1,26,0,309,010077,PACLIN,Catamarca
0,3,14,18,33,0,5,50,0,0,2967,6,21,2,6,5,30,0,0,70,5,2,334,15,0,51,27,1,872,010084,POMAN,Catamarca
0,14,30,24,17,30,26,15,0,0,5835,3,17,2,0,0,0,33,1,241,22,2,84,4,27,4,0,2,821,010042,CAPAYAN,Catamarca
0,18,43,25,20,0,4,21,18,1,4331,24,106,1,1,1,3,1,44,181,3,19,262,4,4,36,0,2,1513,010021,ANDALGALA,Catamarca
0,14,3,17,47,0,7,0,0,3,1618,0,7,1,1,29,1,0,4,63,0,2,50,1,0,1,0,33,385,010007,AMBATO,Catamarca
0,18,20,40,1,1,18,0,6,1,7483,8,39,47,0,7,31,0,2,154,14,2,73,6,1,1,26,2,1305,010070,LA PAZ,Catamarca
0,56,69,187,1,1,34,48,0,6,5768,22,83,6,0,1,3,1,6,426,1,8,95,19,1,12,7,24,1750,010112,VALLE VIEJO,Catamarca
30,275,280,717,11,0,306,1,0,28,47403,140,314,21,21,13,6,21,24,2598,21,73,1420,164,3,44,31,6,12403,010049,CAPITAL,Catamarca
0,2,0,6,32,6,3,18,17,0,1061,39,1,0,0,1,0,19,48,11,0,1,7,9,31,1,0,49,323,010014,ANCASTI,Catamarca
0,6,31,10,3,23,5,12,24,7,3890,2,19,11,1,1,6,1,36,95,4,2,11,7,6,0,21,3,688,010098,SANTA ROSA,Catamarca
0,28,19,29,40,0,9,0,0,4,5149,14,26,28,1,0,50,1,0,181,1,2,100,13,46,1,0,0,826,010063,FRAY MAMERTO ESQUIU,Catamarca
0,33,1135,40,48,14,4,0,0,1,6033,11,12,0,0,3,0,27,28,372,3,92,385,6,11,7,1,1,838,010091,SANTA MARIA,Catamarca
0,285,30,176,0,3,190,16,0,8,12438,286,335,87,23,1,10,3,58,15813,31,3,24,88,2,2,0,1,2581,082014,CASEROS,Santa Fe
48,335,3,80,0,46,207,0,34,5,6823,10,239,185,1,3,1,0,30,1175,0,2,6,32,29,13,31,15,2120,082098,SAN JAVIER,Santa Fe
2,5853,47,273,17,0,796,2,1,130,13068,118,1369,1361,1,23,22,176,106,12179,5,1,11,149,383,7,0,2,2758,082070,LAS COLONIAS,Santa Fe
1,760,53,321,0,1,715,2,1,38,49567,372,872,266,31,27,18,40,333,18733,32,34,46,256,10,50,6,6,6604,082042,GENERAL LOPEZ,Santa Fe
23,333,59,188,0,2,114,37,0,6,17395,161,399,113,16,20,32,17,125,9486,5,3,33,133,1,17,0,6,3769,082028,CONSTITUCION,Santa Fe
0,841,3,98,50,12,136,2,26,28,14299,107,248,247,3,42,0,30,60,5746,1,4,37,37,51,5,0,1,2583,082091,SAN CRISTOBAL,Santa Fe
7,382,12,118,0,34,136,36,0,8,3720,9,118,121,27,0,0,30,39,751,36,8,0,42,1,1,6,2,1262,082035,GARAY,Santa Fe
6,2687,36,366,0,8,472,6,1,59,27028,260,498,523,1,155,4,255,204,20665,17,4,42,163,147,24,8,3,6560,082021,CASTELLANOS,Santa Fe
1,215,18,95,0,2,40,2,0,20,6098,47,201,90,1,5,5,6,26,4388,9,4,28,44,13,3,0,1,2195,082007,BELGRANO,Santa Fe
10,170,18,128,0,1,64,3,0,39,11864,106,182,95,5,9,9,14,110,7971,6,7,33,47,1,1,0,6,2703,082056,IRIONDO,Santa Fe
0,271,6,122,2,1,89,0,0,13,11653,64,246,190,1,5,20,22,53,2291,0,1,15,78,7,4,0,1,2930,082133,VERA,Santa Fe
0,244,4,104,2,0,39,0,0,2,6014,101,84,40,2,12,3,10,19,1072,14,42,34,38,16,4,0,1,1673,082077,NUEVE DE JULIO,Santa Fe
1,239,36,100,0,15,100,1,0,11,8408,20,295,134,1,14,0,17,51,3226,5,16,7,76,2,2,0,0,2301,082112,SAN JUSTO,Santa Fe
2,1368,38,845,2,6,842,0,10,63,29788,97,1702,563,3,5,2,58,172,9746,13,6,32,268,38,4,29,1,8266,082049,GENERAL OBLIGADO,Santa Fe
0,547,57,75,16,2,100,1,33,20,11515,70,205,132,21,5,1,7,104,8279,4,4,33,55,14,1,0,2,2128,082126,SAN MARTIN,Santa Fe
4,630,28,126,1,3,130,8,26,13,13606,123,337,122,12,6,0,39,76,7831,1,4,36,66,10,1,41,5,3620,082105,SAN JERONIMO,Santa Fe
1,1119,54,311,1,3,349,1,0,38,29014,210,605,352,19,13,12,77,216,16189,22,44,50,193,3,12,29,22,7132,082119,SAN LORENZO,Santa Fe
18,1,3,2,2,0,12,35,0,0,504,1,3,11,28,1,0,43,4,22,0,1,2,3,0,20,21,0,68,026105,TELSEN,Chubut
0,10,1,4,41,0,9,0,0,1,1354,2,16,14,24,1,46,0,7,71,27,1,4,1,49,70,0,36,318,026098,TEHUELCHES,Chubut
13,52,21,13,28,0,49,0,0,8,2129,8,52,34,1,1,0,2,18,231,1,6,12,62,0,87,0,4,675,026091,SARMIENTO,Chubut
5,3,28,1,0,13,15,37,0,2,370,1,7,2,17,37,47,0,2,33,0,0,17,1,47,18,6,0,85,026028,FLORENTINO AMEGHINO,Chubut
11,165,20,82,1,1,574,3,2,15,9870,59,272,123,2,4,13,2,74,1533,4,5,17,42,2,615,0,4,1728,026035,FUTALEUFU,Chubut
0,4,12,3,0,0,3,0,0,40,204,0,1,2,0,0,32,5,2,12,0,0,0,0,0,10,50,7,50,026063,MARTIRES,Chubut
0,23,11,12,35,3,480,0,0,6,1482,14,48,27,0,4,2,3,30,203,2,1,1,11,0,73,0,0,359,026042,GAIMAN,Chubut
0,533,104,279,0,2,1139,2,0,62,20954,190,421,283,4,17,20,5,346,3893,17,24,69,140,1,788,0,3,3651,026077,RAWSON,Chubut
44,125,16,37,0,0,84,1,12,18,5090,43,103,92,1,5,1,5,50,546,6,2,4,28,1,465,0,1,1167,026014,CUSHAMEN,Chubut
2,608,623,280,19,2,426,2,2,52,45628,278,447,319,15,12,13,43,404,3386,4,148,561,255,6,627,0,1,9080,026021,ESCALANTE,Chubut
0,9,1,4,0,31,7,47,47,3,447,0,9,2,0,0,1,19,2,43,0,1,2,0,36,53,4,18,143,026056,LANGUINEO,Chubut
13,0,0,1,0,0,6,29,0,1,338,2,4,1,0,10,0,0,3,24,0,0,0,1,0,25,0,2,84,026070,PASO DE INDIOS,Chubut
0,3,2,2,0,37,2,23,39,46,246,48,1,1,0,0,25,23,47,14,0,1,1,33,48,41,0,36,85,026049,GASTRE,Chubut
0,261,198,132,9,0,267,1,0,53,16593,111,237,151,6,19,23,4,182,2300,19,42,51,173,1,326,0,3,3886,026007,BIEDMA,Chubut
0,10,25,6,0,0,7,0,29,1,1416,11,19,15,43,0,1,28,28,99,34,1,4,22,0,50,0,0,262,026084,RIO SENGUER,Chubut
47,9,7,7,48,23,1,40,13,16,1160,1,20,3,0,6,0,4,15,82,0,4,2,1,26,59,31,45,189,058028,COLLON CURA,Neuquén
0,1184,374,1009,3,2,598,7,3,121,63095,383,1214,479,10,76,27,40,874,10499,68,106,136,524,12,1675,34,13,14619,058035,CONFLUENCIA,Neuquén
5,0,49,2,48,31,36,0,0,16,517,1,1,1,20,0,0,31,1,5,0,0,0,1,0,54,23,0,94,058021,CATAN LIL,Neuquén
32,5,1,3,0,0,35,41,0,0,1284,5,14,4,0,0,0,39,3,68,27,1,1,5,31,45,0,0,369,058084,ÑORQUIN,Neuquén
0,12,35,16,2,0,2,37,0,4,2696,2,38,14,0,1,1,1,22,167,4,5,3,17,0,42,9,6,448,058014,AÑELO,Neuquén
0,156,15,68,0,31,69,1,0,18,6630,41,98,84,0,5,1,6,75,1153,5,9,3,44,0,168,0,1,1222,058056,LACAR,Neuquén
1,80,6,26,0,27,17,0,0,11,1953,21,35,39,0,4,29,4,52,617,2,2,12,26,0,79,0,1,543,058070,LOS LAGOS,Neuquén
0,7,2,2,0,31,0,0,0,0,3050,1,7,6,0,32,1,30,10,116,13,1,1,1,37,73,0,8,415,058077,MINAS,Neuquén
0,34,1,15,11,6,4,36,0,0,4953,9,41,10,1,28,8,0,56,196,24,3,2,25,0,9,0,1,649,058042,CHOS MALAL,Neuquén
0,30,14,46,2,39,16,2,0,17,3914,9,33,23,1,1,0,0,23,471,2,7,5,44,0,286,0,6,563,058049,HUILICHES,Neuquén
0,62,20,113,44,25,30,0,26,3,8338,43,117,55,27,8,3,23,81,967,8,6,14,45,0,494,0,2,2097,058112,ZAPALA,Neuquén
23,42,66,39,50,0,24,11,0,10,6174,11,80,25,0,2,4,2,63,483,15,6,7,27,0,46,50,16,1163,058091,PEHUENCHES,Neuquén
0,14,7,19,45,0,8,0,0,0,1764,7,8,12,50,8,0,1,10,66,0,5,0,11,0,47,0,38,202,058105,PICUNCHES,Neuquén
2,5,1,10,0,44,4,46,0,16,1785,3,24,12,0,23,34,12,11,62,6,1,0,9,0,12,0,6,308,058063,LONCOPUE,Neuquén
50,20,7,26,0,9,3,0,10,2,2017,4,10,10,0,1,2,1,11,154,1,0,1,20,0,104,45,0,272,058007,ALUMINE,Neuquén
0,10,1,2,11,29,5,0,0,1,1309,8,9,2,0,1,28,0,7,87,0,14,1,3,34,37,11,0,241,058098,PICUN LEUFU,Neuquén
20,3994,466,2370,6,22,2548,27,3,245,189794,1912,4294,1918,133,320,102,169,1809,133803,196,87,518,1872,29,128,0,98,60895,082084,ROSARIO,Santa Fe
1,3772,234,1329,1,22,1287,13,0,205,94993,564,2614,1536,27,126,25,177,806,34749,120,28,139,955,79,68,10,14,28316,082063,LA CAPITAL,Santa Fe
4,9987,42,1032,5,47,1388,6,0,336,51666,632,2430,2151,9,61,66,161,1095,24362,42,7,66,425,4,14,0,8,10786,030084,PARANÁ,Entre Rios
